"STATION","DATE","LATITUDE","LONGITUDE","ELEVATION","NAME","TEMP","TEMP_ATTRIBUTES","DEWP","DEWP_ATTRIBUTES","SLP","SLP_ATTRIBUTES","STP","STP_ATTRIBUTES","VISIB","VISIB_ATTRIBUTES","WDSP","WDSP_ATTRIBUTES","MXSPD","GUST","MAX","MAX_ATTRIBUTES","MIN","MIN_ATTRIBUTES","PRCP","PRCP_ATTRIBUTES","SNDP","FRSHTT"
"01046099999","2011-01-01","69.786839","20.959444","4.87","SORKJOSEN, NO","  27.2","21","  25.0","21"," 995.0","18","994.3","18"," 14.9"," 6","  3.7","21"," 13.6","999.9","  31.8"," ","  19.6"," "," 0.34","G"," 17.7","001000"
"01046099999","2011-01-02","69.786839","20.959444","4.87","SORKJOSEN, NO","  27.4","20","  24.3","20","1008.6","17","007.9","17"," 12.1"," 6","  9.2","20"," 17.5","999.9","  30.7","*","  23.2","*"," 0.39","G"," 26.8","011000"
"01046099999","2011-01-03","69.786839","20.959444","4.87","SORKJOSEN, NO","  16.7","24","  12.5","24","1010.4","11","009.6","11"," 10.6","15","  4.6","24","  9.7","999.9","  23.5","*","   8.4","*"," 0.66","G"," 28.0","001000"
"01046099999","2011-01-04","69.786839","20.959444","4.87","SORKJOSEN, NO","  13.2","24","   8.0","24","1011.9","12","011.1","12"," 12.1","14","  5.2","24"," 14.0","999.9","  16.7","*","   8.6"," "," 0.08","G"," 28.3","000000"
"01046099999","2011-01-05","69.786839","20.959444","4.87","SORKJOSEN, NO","   9.9","24","   0.3","24","1008.2","11","007.5","11"," 11.5","15"," 13.4","24"," 23.3","999.9","  15.8","*","   5.0","*"," 0.00","G"," 28.0","000000"
"01046099999","2011-01-06","69.786839","20.959444","4.87","SORKJOSEN, NO","  15.0","23","   6.5","23","1003.1","12","002.3","12"," 13.1","13"," 13.3","23"," 29.1","999.9","  24.1","*","   6.6"," "," 0.00","G"," 26.8","000000"
"01046099999","2011-01-07","69.786839","20.959444","4.87","SORKJOSEN, NO","  17.5","24","   7.0","24","1000.3","11","999.6","11","  9.6","14"," 13.8","24"," 20.0"," 28.0","  24.1","*","  15.3","*"," 0.00","G"," 26.8","000000"
"01046099999","2011-01-08","69.786839","20.959444","4.87","SORKJOSEN, NO","  12.0","24","   3.7","24"," 999.9","17","999.1","17"," 15.5"," 9"," 14.5","24"," 21.4","999.9","  17.4"," ","   8.6","*"," 0.00","E","999.9","000000"
"01046099999","2011-01-09","69.786839","20.959444","4.87","SORKJOSEN, NO","  10.9","18","   4.3","18","1004.0","15","003.2","15"," 26.8"," 6"," 14.9","18"," 19.4","999.9","  19.4","*","   6.1","*"," 0.00","G"," 26.4","000000"
"01046099999","2011-01-10","69.786839","20.959444","4.87","SORKJOSEN, NO","  21.6","19","  13.3","19"," 995.2"," 7","994.5"," 7","  6.9","12"," 11.1","19"," 19.4","999.9","  23.0","*","  20.7","*"," 0.00","I","999.9","000000"
"01046099999","2011-01-11","69.786839","20.959444","4.87","SORKJOSEN, NO","  25.5","15","  20.7","15"," 990.9"," 4","990.2"," 4","  8.2","12","  4.8","15","  9.9","999.9","  33.8","*","  19.4","*"," 0.08","G"," 27.2","001000"
"01046099999","2011-01-12","69.786839","20.959444","4.87","SORKJOSEN, NO","  13.5","19","   9.7","19","1009.0"," 6","008.2"," 6","  9.7","14","  1.8","19","  4.1","999.9","  32.7"," ","   8.6","*"," 0.04","G"," 27.2","000000"
"01046099999","2011-01-13","69.786839","20.959444","4.87","SORKJOSEN, NO","  15.8","24","   7.7","24","1010.4","14","009.7","14"," 13.6","12","  8.6","23"," 15.5","999.9","  18.1"," ","  12.6","*"," 0.00","G"," 26.8","000000"
"01046099999","2011-01-14","69.786839","20.959444","4.87","SORKJOSEN, NO","  13.4","24","   2.0","24","1008.0","13","007.2","13"," 12.7","13","  9.7","24"," 17.5","999.9","  18.5"," ","   6.6","*"," 0.00","G"," 26.4","000000"
"01046099999","2011-01-15","69.786839","20.959444","4.87","SORKJOSEN, NO","  12.0","24","   3.0","24","1005.8","17","005.0","17"," 18.5","10"," 17.0","24"," 23.3","999.9","  22.1","*","   6.1"," "," 0.00","G"," 25.6","000000"
"01046099999","2011-01-16","69.786839","20.959444","4.87","SORKJOSEN, NO","  20.6","21","  10.8","21"," 998.4","18","997.7","18"," 22.8"," 5"," 18.7","21"," 27.2"," 37.9","  25.7"," ","  15.8","*"," 0.00","G"," 24.8","000000"
"01046099999","2011-01-17","69.786839","20.959444","4.87","SORKJOSEN, NO","  20.6","24","  11.6","24"," 997.0","12","996.3","12"," 12.7","14"," 15.4","24"," 19.4","999.9","  26.1","*","  17.4","*"," 0.00","G"," 24.0","001000"
"01046099999","2011-01-18","69.786839","20.959444","4.87","SORKJOSEN, NO","  24.8","24","  18.0","24","1003.3","14","002.6","14"," 13.6","12","  7.6","24"," 17.5","999.9","  30.4"," ","  17.4"," "," 0.00","G"," 24.0","000000"
"01046099999","2011-01-19","69.786839","20.959444","4.87","SORKJOSEN, NO","  23.0","24","  14.0","24","1013.9","13","013.1","13"," 12.6","13","  7.3","24"," 15.0"," 18.1","  26.6","*","  18.0"," "," 0.00","G"," 23.6","000000"
"01046099999","2011-01-20","69.786839","20.959444","4.87","SORKJOSEN, NO","  22.8","24","  15.3","24","1021.0","13","020.2","13"," 12.6","13","  8.9","24"," 19.4","999.9","  28.0"," ","  15.3"," "," 0.00","G"," 23.6","000000"
"01046099999","2011-01-21","69.786839","20.959444","4.87","SORKJOSEN, NO","  23.5","24","  15.3","24","1010.6","12","009.9","12"," 12.3","14"," 16.8","24"," 25.3","999.9","  30.7"," ","  17.6","*"," 0.00","G"," 23.6","001000"
"01046099999","2011-01-22","69.786839","20.959444","4.87","SORKJOSEN, NO","  29.8","24","  22.9","24","1013.0","17","012.3","17"," 13.9","10","  7.8","24"," 15.5","999.9","  34.0"," ","  17.8"," "," 0.00","G"," 23.6","001000"
"01046099999","2011-01-23","69.786839","20.959444","4.87","SORKJOSEN, NO","  25.5","24","  21.3","24","1011.5","20","010.7","20"," 21.9"," 6","  3.7","23"," 13.6","999.9","  28.2","*","  22.6"," "," 0.06","G"," 23.6","001000"
"01046099999","2011-01-24","69.786839","20.959444","4.87","SORKJOSEN, NO","  17.7","24","  14.9","24","1004.6","11","003.9","11","  9.0","15","  2.6","24","  7.0","999.9","  25.0","*","  12.6"," "," 0.21","G"," 24.4","001000"
"01046099999","2011-01-25","69.786839","20.959444","4.87","SORKJOSEN, NO","  23.9","24","  15.7","24","1005.7","12","005.0","12"," 10.4","14","  8.4","24"," 14.0","999.9","  28.4","*","  13.5"," "," 0.06","G"," 23.6","010000"
"01046099999","2011-01-26","69.786839","20.959444","4.87","SORKJOSEN, NO","  29.9","24","  22.0","24","1001.5","13","000.7","13"," 11.5","13"," 13.0","24"," 21.4"," 35.0","  34.2"," ","  22.1"," "," 0.04","G"," 23.2","001000"
"01046099999","2011-01-27","69.786839","20.959444","4.87","SORKJOSEN, NO","  35.7","24","  27.1","24"," 993.8","13","993.1","13","  7.9","14"," 12.2","24"," 21.4"," 32.1","  42.8","*","  30.7"," "," 0.20","G"," 23.2","011000"
"01046099999","2011-01-28","69.786839","20.959444","4.87","SORKJOSEN, NO","  32.3","24","  27.3","24"," 990.9","11","990.1","11","  3.0","13"," 10.2","23"," 20.0"," 37.9","  36.5","*","  26.1","*"," 0.84","G"," 19.7","011000"
"01046099999","2011-01-29","69.786839","20.959444","4.87","SORKJOSEN, NO","  21.8","24","  16.1","24"," 992.0","16","991.3","16"," 14.9","10","  9.4","23"," 19.4","999.9","  26.6","*","  16.7","*"," 0.94","G"," 31.9","000000"
"01046099999","2011-01-30","69.786839","20.959444","4.87","SORKJOSEN, NO","  23.0","24","  19.9","24"," 998.5","19","997.7","19"," 16.5"," 4","  7.2","22"," 13.6","999.9","  27.0","*","  16.9","*"," 0.28","G","999.9","001000"
"01046099999","2011-01-31","69.786839","20.959444","4.87","SORKJOSEN, NO","  29.0","24","  23.1","24"," 986.8","12","986.1","12"," 12.3","14","  7.4","24"," 13.6","999.9","  33.6"," ","  20.5"," "," 0.42","G"," 39.4","001000"
"01046099999","2011-02-01","69.786839","20.959444","4.87","SORKJOSEN, NO","  25.7","24","  20.7","24"," 993.5","11","992.8","11","  6.9","13"," 14.6","23"," 25.3","999.9","  30.6","*","  21.6","*"," 0.24","G","999.9","001000"
"01046099999","2011-02-02","69.786839","20.959444","4.87","SORKJOSEN, NO","  21.3","24","  12.8","24"," 997.0","11","996.3","11","  7.1","14"," 18.5","24"," 21.4","999.9","  22.1","*","  20.3"," "," 0.09","G"," 36.2","001000"
"01046099999","2011-02-03","69.786839","20.959444","4.87","SORKJOSEN, NO","  20.7","24","  11.8","24"," 996.6","12","995.9","12"," 12.2","14"," 22.2","24"," 27.2","999.9","  22.3"," ","  19.2","*"," 0.00","G"," 36.2","000000"
"01046099999","2011-02-04","69.786839","20.959444","4.87","SORKJOSEN, NO","  17.7","24","   9.7","24"," 991.6","11","990.9","11","  9.6","14"," 23.6","24"," 33.0"," 37.9","  20.5","*","  15.1","*"," 0.00","E","999.9","000000"
"01046099999","2011-02-05","69.786839","20.959444","4.87","SORKJOSEN, NO","  10.0","24","   2.0","24"," 989.2","17","988.4","17"," 17.3","10"," 26.3","24"," 36.9"," 46.0","  15.3","*","   6.6","*"," 0.00","G"," 35.0","000000"
"01046099999","2011-02-06","69.786839","20.959444","4.87","SORKJOSEN, NO","   6.7","24","  -2.2","24"," 994.1","21","993.3","21"," 28.3"," 7"," 20.3","12"," 23.3"," 29.9","   8.2","*","   5.2","*"," 0.00","G"," 33.5","001000"
"01046099999","2011-02-07","69.786839","20.959444","4.87","SORKJOSEN, NO","   1.6","24","  -8.1","24"," 990.7","13","989.9","13"," 12.4","13"," 20.3","17"," 25.3","999.9","   6.3","*","  -0.9","*"," 0.01","G"," 32.7","000000"
"01046099999","2011-02-08","69.786839","20.959444","4.87","SORKJOSEN, NO","   1.5","24","  -4.8","24"," 988.5","12","987.8","12"," 14.9","15","  6.7","24"," 17.5","999.9","   8.2","*","  -5.8","*"," 0.00","G"," 31.5","001000"
"01046099999","2011-02-09","69.786839","20.959444","4.87","SORKJOSEN, NO","  10.7","24","   5.5","24","1008.5","12","007.8","12"," 11.5","14","  5.9","24"," 13.6","999.9","  17.6","*","  -5.1"," "," 0.00","G"," 31.5","001000"
"01046099999","2011-02-10","69.786839","20.959444","4.87","SORKJOSEN, NO","  14.3","24","   8.8","24","1016.9","12","016.1","12"," 12.4","14","  5.8","24"," 13.6","999.9","  28.6","*","   8.4","*"," 0.17","G"," 31.5","000000"
"01046099999","2011-02-11","69.786839","20.959444","4.87","SORKJOSEN, NO","  27.9","24","  24.5","24","1015.3","14","014.6","14","  5.9"," 9","  9.1","23"," 19.4","999.9","  32.2"," ","  18.9","*"," 0.64","G","999.9","001000"
"01046099999","2011-02-12","69.786839","20.959444","4.87","SORKJOSEN, NO","  20.8","24","  13.9","24","1019.2","19","018.5","19"," 21.9"," 8","  9.9","24"," 14.0","999.9","  25.3","*","  15.8","*"," 0.19","G"," 35.0","000000"
"01046099999","2011-02-13","69.786839","20.959444","4.87","SORKJOSEN, NO","  13.5","24","   2.0","24","1026.2","22","025.4","22"," 30.4"," 5"," 15.3","24"," 21.4"," 27.0","  15.6","*","  11.3","*"," 0.00","G"," 35.0","000000"
"01046099999","2011-02-14","69.786839","20.959444","4.87","SORKJOSEN, NO","   8.6","24","  -5.9","24","1028.3","11","027.5","11"," 11.5","15","  9.2","24"," 15.5","999.9","  12.4","*","   5.4","*"," 0.00","G"," 35.4","000000"
"01046099999","2011-02-15","69.786839","20.959444","4.87","SORKJOSEN, NO","   8.8","24","  -9.9","24","1025.6","11","024.8","11"," 11.7","15"," 12.3","24"," 19.4"," 26.0","  14.0"," ","   1.8"," "," 0.00","G"," 34.6","000000"
"01046099999","2011-02-16","69.786839","20.959444","4.87","SORKJOSEN, NO","   9.9","23","  -1.9","23","1028.1","12","027.3","12"," 10.3","12"," 11.9","23"," 25.3","999.9","  16.7"," ","   6.3","*"," 0.00","G"," 34.6","000000"
"01046099999","2011-02-17","69.786839","20.959444","4.87","SORKJOSEN, NO","   7.5","24","  -4.5","24","1027.2","13","026.4","13","  9.5","12"," 17.5","24"," 25.3"," 26.0","  12.9"," ","  -2.4","*"," 0.00","G"," 34.6","000000"
"01046099999","2011-02-18","69.786839","20.959444","4.87","SORKJOSEN, NO","   1.4","24","  -6.4","24","1023.0","13","022.2","13"," 13.1","13"," 15.4","24"," 23.9"," 28.0","   8.6","*","  -4.5"," "," 0.00","G"," 34.3","000000"
"01046099999","2011-02-19","69.786839","20.959444","4.87","SORKJOSEN, NO","  15.6","24","   9.7","24","1018.7","18","018.0","18"," 16.9"," 8","  4.3","24"," 11.7","999.9","  21.2"," ","   2.5"," "," 0.00","E","999.9","000000"
"01046099999","2011-02-20","69.786839","20.959444","4.87","SORKJOSEN, NO","  21.4","24","  14.5","24","1024.4","21","023.6","21"," 26.3"," 6","  5.9","24"," 15.5","999.9","  28.9"," ","  13.5","*"," 0.00","G"," 34.3","000000"
"01046099999","2011-02-21","69.786839","20.959444","4.87","SORKJOSEN, NO","  15.6","24","   6.2","24","1024.6","11","023.9","11"," 11.9","15"," 17.9","24"," 28.0"," 29.9","  22.3","*","   8.8","*"," 0.00","G"," 34.3","000000"
"01046099999","2011-02-22","69.786839","20.959444","4.87","SORKJOSEN, NO","  17.6","24","   7.1","24","1020.6","11","019.8","11"," 12.3","15"," 11.8","24"," 16.9","999.9","  26.8"," ","   6.8"," "," 0.00","G"," 34.3","000000"
"01046099999","2011-02-23","69.786839","20.959444","4.87","SORKJOSEN, NO","   7.2","24","  -1.5","24","1023.7","12","022.9","12"," 11.8","14"," 20.8","24"," 25.3","999.9","  14.4","*","   0.7","*"," 0.00","E"," 33.9","001000"
"01046099999","2011-02-24","69.786839","20.959444","4.87","SORKJOSEN, NO","   5.4","24","  -7.8","24","1017.5","13","016.7","13"," 12.4","13"," 15.7","24"," 23.3","999.9","  13.5","*","  -0.9"," "," 0.00","G"," 33.5","000000"
"01046099999","2011-02-25","69.786839","20.959444","4.87","SORKJOSEN, NO","  21.1","24","  11.7","24","1004.7","12","004.0","12"," 12.7","14"," 16.3","24"," 23.3","999.9","  30.6","*","  11.3"," "," 0.00","G"," 33.5","010000"
"01046099999","2011-02-26","69.786839","20.959444","4.87","SORKJOSEN, NO","  38.8","24","  24.6","24"," 999.7","17","999.0","17"," 18.9","10"," 12.1","24"," 19.4","999.9","  48.2"," ","  27.5"," "," 0.00","G"," 32.7","000000"
"01046099999","2011-02-27","69.786839","20.959444","4.87","SORKJOSEN, NO","  38.3","24","  22.2","24","1008.6","21","007.9","21"," 29.6"," 7"," 10.3","24"," 17.5","999.9","  46.2","*","  32.4","*"," 0.00","G"," 26.8","000000"
"01046099999","2011-02-28","69.786839","20.959444","4.87","SORKJOSEN, NO","  34.5","24","  27.8","24","1013.2","11","012.5","11","  7.5","13","  8.7","23"," 15.5"," 23.9","  41.7","*","  31.8","*"," 0.04","G","999.9","011000"
"01046099999","2011-03-01","69.786839","20.959444","4.87","SORKJOSEN, NO","  37.0","24","  27.2","24","1015.9","12","015.2","12"," 12.1","14","  7.4","24"," 14.0","999.9","  43.5"," ","  31.3"," "," 0.38","G"," 30.7","010000"
"01046099999","2011-03-02","69.786839","20.959444","4.87","SORKJOSEN, NO","  37.6","24","  28.3","24","1007.3"," 9","006.6"," 9","  7.9","17","  6.3","24"," 15.5","999.9","  45.9"," ","  33.1"," "," 0.08","G"," 25.6","011000"
"01046099999","2011-03-03","69.786839","20.959444","4.87","SORKJOSEN, NO","  33.3","24","  26.1","24"," 993.9","11","993.2","11","  5.2","14"," 15.9","24"," 27.2"," 53.0","  42.8","*","  27.7","*"," 0.36","G"," 24.4","011000"
"01046099999","2011-03-04","69.786839","20.959444","4.87","SORKJOSEN, NO","  28.8","24","  25.6","24"," 992.3","11","991.6","11","  4.8","16","  7.0","24"," 15.9"," 20.0","  37.6"," ","  24.8"," "," 0.48","G"," 29.1","001000"
"01046099999","2011-03-05","69.786839","20.959444","4.87","SORKJOSEN, NO","  27.8","24","  21.7","24","1001.7","16","001.0","16","  6.3"," 7"," 12.5","23"," 27.2","999.9","  30.9"," ","  25.0","*"," 0.44","G","999.9","001000"
"01046099999","2011-03-06","69.786839","20.959444","4.87","SORKJOSEN, NO","  28.3","24","  20.6","24","1012.6","21","011.8","21"," 22.1"," 6"," 10.1","24"," 19.4","999.9","  30.6"," ","  25.3"," "," 0.60","G"," 33.9","000000"
"01046099999","2011-03-07","69.786839","20.959444","4.87","SORKJOSEN, NO","  32.7","21","  26.0","21"," 997.5"," 9","996.7"," 9","  9.9","13","  5.5","21"," 17.5","999.9","  39.2","*","  26.1"," "," 0.08","G"," 33.5","001000"
"01046099999","2011-03-08","69.786839","20.959444","4.87","SORKJOSEN, NO","  38.9","18","  27.9","18"," 986.1"," 9","985.4"," 9"," 13.6","12"," 10.9","18"," 21.4"," 25.1","  43.0","*","  32.0","*"," 0.04","G"," 31.9","000000"
"01046099999","2011-03-09","69.786839","20.959444","4.87","SORKJOSEN, NO","  36.8","24","  22.1","24"," 975.1","12","974.4","12"," 12.4","14"," 17.2","24"," 25.3"," 37.9","  40.5"," ","  32.4","*"," 0.00","G"," 31.5","011000"
"01046099999","2011-03-10","69.786839","20.959444","4.87","SORKJOSEN, NO","  30.6","24","  13.4","24"," 977.0","12","976.3","12","  9.8","13","  6.2","24"," 19.4","999.9","  36.0"," ","  23.4","*"," 0.00","G"," 31.5","000000"
"01046099999","2011-03-11","69.786839","20.959444","4.87","SORKJOSEN, NO","  19.9","24","   8.6","24"," 986.5","12","985.8","12","  9.3","13","  7.1","24"," 15.0","999.9","  30.7"," ","   9.7","*"," 0.00","E","999.9","000000"
"01046099999","2011-03-12","69.786839","20.959444","4.87","SORKJOSEN, NO","  22.4","24","  16.2","24"," 992.7","18","991.9","18"," 16.9"," 8","  2.5","22","  9.7","999.9","  31.5"," ","   9.1"," "," 0.00","G"," 31.5","001000"
"01046099999","2011-03-13","69.786839","20.959444","4.87","SORKJOSEN, NO","  26.6","24","  21.9","24","1005.0","20","004.3","20"," 13.9"," 9","  3.1","24","  7.8","999.9","  29.7"," ","  22.8","*"," 0.09","G"," 32.3","001000"
"01046099999","2011-03-14","69.786839","20.959444","4.87","SORKJOSEN, NO","  24.5","24","  15.7","24","1016.5","12","015.7","12","  7.0","11","  7.8","23"," 13.6","999.9","  28.4"," ","  19.4","*"," 0.14","G","999.9","000000"
"01046099999","2011-03-15","69.786839","20.959444","4.87","SORKJOSEN, NO","  29.0","24","  12.1","24","1023.7","14","023.0","14"," 10.1","11","  9.3","24"," 15.5","999.9","  39.2","*","  19.0"," "," 0.03","G"," 32.7","000000"
"01046099999","2011-03-16","69.786839","20.959444","4.87","SORKJOSEN, NO","  39.7","24","  24.0","24","1020.6","11","019.9","11"," 12.1","15"," 10.7","24"," 17.5","999.9","  49.3"," ","  25.9"," "," 0.00","G"," 31.1","000000"
"01046099999","2011-03-17","69.786839","20.959444","4.87","SORKJOSEN, NO","  33.6","23","  14.3","23","1014.5","12","013.8","12"," 12.4","13"," 16.0","23"," 25.3"," 35.0","  36.0","*","  31.8"," "," 0.00","G"," 30.3","000000"
"01046099999","2011-03-18","69.786839","20.959444","4.87","SORKJOSEN, NO","  28.0","24","  15.8","24","1011.0","12","010.3","12"," 12.6","14"," 10.7","24"," 17.5","999.9","  31.8","*","  25.2"," "," 0.00","G"," 30.7","000000"
"01046099999","2011-03-19","69.786839","20.959444","4.87","SORKJOSEN, NO","  32.4","24","  19.3","24","1009.1","19","008.3","19"," 20.1"," 6","  5.2","24","  9.7","999.9","  39.2","*","  27.1"," "," 0.00","G"," 30.7","000000"
"01046099999","2011-03-20","69.786839","20.959444","4.87","SORKJOSEN, NO","  35.9","24","  21.7","24","1002.4","21","001.6","21"," 24.6"," 6"," 12.4","24"," 25.3","999.9","  42.4"," ","  26.4"," "," 0.00","G"," 30.3","010000"
"01046099999","2011-03-21","69.786839","20.959444","4.87","SORKJOSEN, NO","  34.5","24","  24.4","24"," 992.1","12","991.4","12"," 10.5","14","  7.6","24"," 21.4"," 30.9","  39.7"," ","  29.7"," "," 0.07","G"," 28.0","011000"
"01046099999","2011-03-22","69.786839","20.959444","4.87","SORKJOSEN, NO","  27.9","24","  21.7","24"," 992.8","13","992.1","13","  9.5","13"," 11.7","24"," 21.4","999.9","  33.6","*","  22.6","*"," 0.24","G"," 29.1","001000"
"01046099999","2011-03-23","69.786839","20.959444","4.87","SORKJOSEN, NO","  24.3","24","  17.6","24"," 997.3"," 9","996.5"," 9","  6.1","10"," 12.4","24"," 32.1"," 49.9","  30.2","*","  19.4","*"," 0.28","G"," 31.1","001000"
"01046099999","2011-03-24","69.786839","20.959444","4.87","SORKJOSEN, NO","  19.8","24","  16.3","24"," 992.0","14","991.3","14","  4.2","13"," 11.4","24"," 22.9"," 37.9","  21.7","*","  18.0"," "," 1.16","G"," 39.8","001000"
"01046099999","2011-03-25","69.786839","20.959444","4.87","SORKJOSEN, NO","  21.6","24","  18.3","24"," 997.1","11","996.3","11","  6.1","15","  9.9","24"," 19.4"," 22.9","  24.8","*","  18.5"," "," 0.69","G"," 42.1","001000"
"01046099999","2011-03-26","69.786839","20.959444","4.87","SORKJOSEN, NO","  24.0","24","  18.8","24"," 996.7","16","996.0","16"," 11.2","11","  9.2","24"," 15.5","999.9","  25.5"," ","  21.7"," "," 0.30","G"," 41.3","001000"
"01046099999","2011-03-27","69.786839","20.959444","4.87","SORKJOSEN, NO","  21.6","24","  17.2","24"," 993.2","21","992.5","21"," 16.4"," 6","  5.5","24"," 11.7","999.9","  26.4"," ","  17.6","*"," 0.32","G"," 41.7","001000"
"01046099999","2011-03-28","69.786839","20.959444","4.87","SORKJOSEN, NO","  20.5","24","  14.8","24"," 997.8","11","997.0","11","  6.6","14","  4.8","24"," 11.7","999.9","  31.5"," ","  16.2","*"," 0.07","G"," 44.5","001000"
"01046099999","2011-03-29","69.786839","20.959444","4.87","SORKJOSEN, NO","  18.1","24","   6.4","24","1001.2","13","000.5","13","  6.4","11","  8.5","24"," 14.0","999.9","  25.3"," ","  11.3"," "," 0.00","G","999.9","000000"
"01046099999","2011-03-30","69.786839","20.959444","4.87","SORKJOSEN, NO","  23.9","24","  15.1","24","1005.9","13","005.2","13","  8.7","12","  8.8","24"," 14.0","999.9","  30.9"," ","  16.7"," "," 0.04","E","999.9","001000"
"01046099999","2011-03-31","69.786839","20.959444","4.87","SORKJOSEN, NO","  29.2","24","  19.7","24","1008.4","14","007.6","14","  9.3","11","  8.0","24"," 11.7","999.9","  36.1"," ","  23.0","*"," 0.02","F"," 42.5","001000"
"01046099999","2011-04-01","69.786839","20.959444","4.87","SORKJOSEN, NO","  29.5","24","  16.7","24","1007.4","15","006.6","15"," 13.2","11","  9.6","24"," 15.5","999.9","  39.6"," ","  25.3","*"," 0.01","G"," 40.6","000000"
"01046099999","2011-04-02","69.786839","20.959444","4.87","SORKJOSEN, NO","  36.8","24","  26.2","24"," 993.7","17","993.0","17"," 11.6"," 8"," 10.0","24"," 27.2"," 36.9","  44.8","*","  25.2"," "," 0.00","G","999.9","010000"
"01046099999","2011-04-03","69.786839","20.959444","4.87","SORKJOSEN, NO","  42.7","24","  26.3","24"," 990.5","22","989.8","22"," 30.1"," 5","  5.6","24"," 11.7","999.9","  48.2","*","  33.6","*"," 0.03","G"," 35.4","000000"
"01046099999","2011-04-04","69.786839","20.959444","4.87","SORKJOSEN, NO","  41.1","24","  25.5","24"," 994.2","13","993.5","13","  6.8","11","  4.2","24","  9.9","999.9","  53.8"," ","  33.6"," "," 0.00","G"," 33.5","000000"
"01046099999","2011-04-05","69.786839","20.959444","4.87","SORKJOSEN, NO","  34.0","24","  28.5","24"," 998.8","12","998.1","12","  7.0","13","  2.9","24","  9.7","999.9","  40.3"," ","  27.3","*"," 0.04","G"," 32.7","010000"
"01046099999","2011-04-06","69.786839","20.959444","4.87","SORKJOSEN, NO","  37.6","24","  27.3","24"," 996.8","12","996.0","12","  6.9","12"," 10.6","24"," 23.3","999.9","  42.8","*","  26.6"," "," 0.02","G"," 31.9","000000"
"01046099999","2011-04-07","69.786839","20.959444","4.87","SORKJOSEN, NO","  37.5","24","  27.9","24"," 990.3","14","989.6","14"," 13.2","12","  5.8","24"," 13.6","999.9","  43.2"," ","  33.4"," "," 0.00","G"," 31.5","000000"
"01046099999","2011-04-08","69.786839","20.959444","4.87","SORKJOSEN, NO","  36.4","24","  29.1","24"," 991.3","12","990.6","12"," 10.1","12","  2.3","24","  5.8","999.9","  39.7"," ","  32.7"," "," 0.00","G"," 31.1","000000"
"01046099999","2011-04-09","69.786839","20.959444","4.87","SORKJOSEN, NO","  35.4","24","  28.2","24","1003.4","18","002.6","18","  6.2"," 8","  9.6","24"," 17.5","999.9","  39.0"," ","  31.6"," "," 0.01","G"," 30.3","011000"
"01046099999","2011-04-10","69.786839","20.959444","4.87","SORKJOSEN, NO","  36.6","24","  26.7","24","1009.8","22","009.1","22"," 22.1"," 5","  6.0","24"," 15.5","999.9","  46.0","*","  33.6"," "," 0.70","G"," 30.3","010000"
"01046099999","2011-04-11","69.786839","20.959444","4.87","SORKJOSEN, NO","  41.2","24","  29.8","24","1006.7","15","006.0","15","  6.2"," 9","  4.3","24"," 17.5","999.9","  47.1"," ","  34.7"," "," 0.40","G"," 29.1","000000"
"01046099999","2011-04-12","69.786839","20.959444","4.87","SORKJOSEN, NO","  40.6","19","  29.1","19","1001.5"," 8","000.8"," 8"," 13.5","12","  5.2","19"," 14.0","999.9","  47.3"," ","  35.6"," "," 0.00","G","999.9","010000"
"01046099999","2011-04-13","69.786839","20.959444","4.87","SORKJOSEN, NO","  39.6","21","  24.9","21","1007.2"," 7","006.4"," 7","  7.0","14","  4.0","21"," 11.1","999.9","  45.9"," ","  32.2"," "," 0.00","G"," 27.6","000000"
"01046099999","2011-04-14","69.786839","20.959444","4.87","SORKJOSEN, NO","  39.2","24","  25.9","24","1005.4","12","004.7","12","  7.0","12","  5.6","24"," 13.6","999.9","  46.4","*","  33.1"," "," 0.00","G"," 27.6","000000"
"01046099999","2011-04-15","69.786839","20.959444","4.87","SORKJOSEN, NO","  43.4","24","  31.1","24"," 996.3","12","995.6","12"," 10.0","13","  4.8","24"," 13.6","999.9","  49.3"," ","  36.3"," "," 0.00","F"," 27.6","010000"
"01046099999","2011-04-16","69.786839","20.959444","4.87","SORKJOSEN, NO","  38.1","24","  26.0","24"," 988.5","17","987.8","17"," 10.4"," 8","  5.7","24"," 11.7"," 28.0","  41.2","*","  34.0"," ","99.99"," ","999.9","001000"
"01046099999","2011-04-17","69.786839","20.959444","4.87","SORKJOSEN, NO","  34.3","24","  30.1","24"," 989.6","21","988.9","21"," 17.0"," 6","  7.9","24"," 17.5"," 22.9","  36.5"," ","  32.4"," "," 0.01","G"," 27.6","011000"
"01046099999","2011-04-18","69.786839","20.959444","4.87","SORKJOSEN, NO","  34.8","24","  27.9","24","1006.8","14","006.0","14","  9.5","11"," 13.6","23"," 19.4"," 29.9","  38.1"," ","  33.3"," "," 0.05","G"," 27.6","011000"
"01046099999","2011-04-19","69.786839","20.959444","4.87","SORKJOSEN, NO","  37.9","24","  19.7","24","1015.8","15","015.1","15"," 10.6","10","  7.6","24"," 17.5","999.9","  41.0"," ","  32.4"," "," 0.17","G"," 28.3","000000"
"01046099999","2011-04-20","69.786839","20.959444","4.87","SORKJOSEN, NO","  36.5","24","  25.5","24","1013.0","17","012.3","17"," 15.6"," 9","  7.3","24"," 15.9","999.9","  39.6","*","  29.7","*"," 0.00","G"," 27.6","010000"
"01046099999","2011-04-21","69.786839","20.959444","4.87","SORKJOSEN, NO","  36.6","24","  24.1","24","1012.6","24","011.9","24","999.9"," 0","  7.1","24"," 13.6","999.9","  44.6"," ","  28.8"," "," 0.00","G"," 27.2","000000"
"01046099999","2011-04-22","69.786839","20.959444","4.87","SORKJOSEN, NO","  40.4","24","  26.3","24","1017.3","24","016.6","24","999.9"," 0"," 10.2","24"," 13.6","999.9","  43.0"," ","  35.8"," "," 0.00","G"," 26.8","000000"
"01046099999","2011-04-23","69.786839","20.959444","4.87","SORKJOSEN, NO","  39.7","24","  30.2","24","1020.8","21","020.1","21"," 16.9"," 4","  6.1","24"," 15.5","999.9","  43.5"," ","  30.0","*"," 0.00","G"," 26.4","000000"
"01046099999","2011-04-24","69.786839","20.959444","4.87","SORKJOSEN, NO","  44.2","24","  29.8","24","1020.0","21","019.3","21"," 22.3"," 5","  6.6","24"," 11.7","999.9","  54.7"," ","  29.5"," "," 0.00","E","999.9","000000"
"01046099999","2011-04-25","69.786839","20.959444","4.87","SORKJOSEN, NO","  44.2","24","  35.7","24","1019.4","18","018.7","18"," 18.7"," 9","  3.2","24","  9.7","999.9","  48.4"," ","  37.2","*"," 0.00","G"," 19.7","010000"
"01046099999","2011-04-26","69.786839","20.959444","4.87","SORKJOSEN, NO","  40.5","24","  30.6","24","1014.4","12","013.7","12","  9.3","13","  4.5","23"," 13.6","999.9","  50.0"," ","  34.0"," "," 0.02","G"," 18.9","010000"
"01046099999","2011-04-27","69.786839","20.959444","4.87","SORKJOSEN, NO","  35.8","24","  28.7","24","1017.7","13","017.0","13"," 12.6","14","  7.8","24"," 16.9"," 27.0","  40.6"," ","  32.2"," "," 0.00","G","999.9","011000"
"01046099999","2011-04-28","69.786839","20.959444","4.87","SORKJOSEN, NO","  37.4","24","  31.5","24","1023.3","13","022.6","13","  9.3","12","  5.3","24"," 13.6","999.9","  46.2"," ","  33.6","*","99.99"," ","999.9","011000"
"01046099999","2011-04-29","69.786839","20.959444","4.87","SORKJOSEN, NO","  37.1","24","  33.1","24","1028.1","14","027.3","14","  7.0","10","  1.8","24","  7.0","999.9","  41.7"," ","  33.8","*","99.99"," ","999.9","010000"
"01046099999","2011-04-30","69.786839","20.959444","4.87","SORKJOSEN, NO","  36.3","24","  31.8","24","1031.2","20","030.4","20"," 14.3"," 5","  2.9","24","  7.8","999.9","  41.0"," ","  30.0"," "," 0.03","E","999.9","000000"
"01046099999","2011-05-01","69.786839","20.959444","4.87","SORKJOSEN, NO","  36.1","24","  28.5","24","1033.6","22","032.8","22","999.9"," 0","  3.0","24","  5.8","999.9","  40.3"," ","  30.4","*"," 0.00","I","999.9","000000"
"01046099999","2011-05-02","69.786839","20.959444","4.87","SORKJOSEN, NO","  37.1","24","  22.7","24","1031.4","13","030.7","13"," 10.2","12","  3.4","24","  8.0","999.9","  43.5"," ","  29.8"," "," 0.00","I","999.9","000000"
"01046099999","2011-05-03","69.786839","20.959444","4.87","SORKJOSEN, NO","  35.9","24","  21.6","24","1022.9","12","022.1","12"," 10.0","13","  4.2","24","  7.8","999.9","  39.6"," ","  30.6"," "," 0.00","G"," 11.8","000000"
"01046099999","2011-05-04","69.786839","20.959444","4.87","SORKJOSEN, NO","  35.2","23","  25.5","23","1015.9","10","015.1","10","  9.7","14","  4.8","23"," 11.7","999.9","  40.1"," ","  28.8","*"," 0.00","E","999.9","000000"
"01046099999","2011-05-05","69.786839","20.959444","4.87","SORKJOSEN, NO","  38.1","24","  24.4","24","1021.7","13","021.0","13","  9.5","12","  4.4","24","  7.8","999.9","  43.9"," ","  27.0"," "," 0.00","I","999.9","000000"
"01046099999","2011-05-06","69.786839","20.959444","4.87","SORKJOSEN, NO","  38.1","24","  30.7","24","1023.0","14","022.2","14","  7.2","11","  2.8","24","  7.0","999.9","  44.1"," ","  30.4"," "," 0.00","G","  6.7","010000"
"01046099999","2011-05-07","69.786839","20.959444","4.87","SORKJOSEN, NO","  41.7","24","  29.7","24","1026.4","19","025.7","19"," 17.9"," 7","  4.5","24"," 11.7","999.9","  50.4"," ","  33.1"," "," 0.07","G","  5.9","000000"
"01046099999","2011-05-08","69.786839","20.959444","4.87","SORKJOSEN, NO","  42.0","24","  28.7","24","1031.6","21","030.9","21"," 28.8"," 7","  3.7","24","  7.8","999.9","  49.3"," ","  36.3"," "," 0.00","G","  3.5","000000"
"01046099999","2011-05-09","69.786839","20.959444","4.87","SORKJOSEN, NO","  40.8","24","  32.7","24","1029.7","13","029.0","13"," 10.3","12"," 10.3","24"," 17.5"," 20.0","  49.5","*","  36.1","*"," 0.07","G","999.9","010000"
"01046099999","2011-05-10","69.786839","20.959444","4.87","SORKJOSEN, NO","  38.1","24","  24.5","24","1034.1","12","033.4","12","  9.5","13","  4.5","24","  9.7","999.9","  41.7"," ","  30.2","*"," 0.00","G","999.9","000000"
"01046099999","2011-05-11","69.786839","20.959444","4.87","SORKJOSEN, NO","  41.2","24","  27.4","24","1027.2","12","026.4","12","  9.3","13","  6.8","24"," 15.0","999.9","  48.6"," ","  28.8"," "," 0.00","G","999.9","000000"
"01046099999","2011-05-12","69.786839","20.959444","4.87","SORKJOSEN, NO","  41.6","24","  25.3","24","1022.4","13","021.7","13","  9.5","12"," 16.7","24"," 22.0","999.9","  48.2","*","  34.7"," "," 0.00","G","999.9","000000"
"01046099999","2011-05-13","69.786839","20.959444","4.87","SORKJOSEN, NO","  44.8","24","  26.3","24","1018.4","13","017.7","13","  6.2","11"," 14.9","24"," 23.3","999.9","  51.4"," ","  39.0"," "," 0.00","G","999.9","000000"
"01046099999","2011-05-14","69.786839","20.959444","4.87","SORKJOSEN, NO","  48.4","24","  28.3","24","1014.6","21","013.9","21"," 26.4"," 6","  5.3","24"," 11.7","999.9","  55.9"," ","  37.2","*"," 0.00","G","999.9","000000"
"01046099999","2011-05-15","69.786839","20.959444","4.87","SORKJOSEN, NO","  49.5","24","  30.0","24","1012.3","21","011.6","21"," 26.4"," 6","  4.3","24","  9.7","999.9","  58.1"," ","  35.4"," "," 0.00","G","999.9","000000"
"01046099999","2011-05-16","69.786839","20.959444","4.87","SORKJOSEN, NO","  45.6","24","  35.5","24","1008.7","17","008.0","17"," 18.5","10","  3.7","24","  8.0","999.9","  50.5"," ","  39.7"," "," 0.00","G","999.9","000000"
"01046099999","2011-05-17","69.786839","20.959444","4.87","SORKJOSEN, NO","  40.5","24","  34.4","24","1002.3","22","001.6","22"," 19.4"," 6","  4.5","24"," 13.6","999.9","  43.5"," ","  35.8","*"," 0.04","G","999.9","010000"
"01046099999","2011-05-18","69.786839","20.959444","4.87","SORKJOSEN, NO","  39.8","24","  27.8","24","1005.1","14","004.4","14"," 10.3","11","  8.0","24"," 13.0","999.9","  43.7"," ","  34.9"," "," 0.04","G","999.9","010000"
"01046099999","2011-05-19","69.786839","20.959444","4.87","SORKJOSEN, NO","  45.5","24","  32.0","24","1002.3","11","001.6","11","  7.0","13"," 11.1","24"," 19.4","999.9","  50.0","*","  39.6"," "," 0.00","G","999.9","000000"
"01046099999","2011-05-20","69.786839","20.959444","4.87","SORKJOSEN, NO","  43.5","24","  37.4","24","1003.7","12","003.0","12","  7.0","12","  3.4","24","  7.8","999.9","  46.0"," ","  39.2","*"," 0.00","G","999.9","010000"
"01046099999","2011-05-21","69.786839","20.959444","4.87","SORKJOSEN, NO","  46.3","24","  36.9","24","1007.6","19","006.9","19"," 18.3"," 7","  4.4","24"," 17.5"," 26.0","  54.5"," ","  37.2"," "," 0.04","G","999.9","000000"
"01046099999","2011-05-22","69.786839","20.959444","4.87","SORKJOSEN, NO","  49.5","24","  35.7","24","1011.0","21","010.3","21"," 29.2"," 7","  3.6","24","  7.8","999.9","  58.8"," ","  41.0"," "," 0.00","G","999.9","000000"
"01046099999","2011-05-23","69.786839","20.959444","4.87","SORKJOSEN, NO","  49.2","24","  39.8","24","1004.3","15","003.6","15"," 11.2"," 9","  4.3","24"," 15.9","999.9","  57.7"," ","  42.6"," "," 0.00","G","999.9","010000"
"01046099999","2011-05-24","69.786839","20.959444","4.87","SORKJOSEN, NO","  49.9","24","  39.4","24"," 993.2","17","992.5","17"," 10.8"," 9","  7.0","24"," 15.5","999.9","  56.8"," ","  44.2"," "," 0.46","G","999.9","010000"
"01046099999","2011-05-25","69.786839","20.959444","4.87","SORKJOSEN, NO","  47.9","24","  38.9","24"," 992.7","15","992.0","15"," 11.0","10","  5.6","24"," 11.7","999.9","  57.4"," ","  39.7","*"," 0.00","G","999.9","010000"
"01046099999","2011-05-26","69.786839","20.959444","4.87","SORKJOSEN, NO","  37.7","24","  31.2","24","1007.4","18","006.6","18","  8.7"," 7"," 10.4","24"," 15.5","999.9","  39.9","*","  36.0","*"," 0.04","E","999.9","010000"
"01046099999","2011-05-27","69.786839","20.959444","4.87","SORKJOSEN, NO","  42.8","24","  27.5","24","1010.9","13","010.2","13"," 10.7","13","  5.9","24"," 13.6","999.9","  49.3"," ","  34.5"," "," 0.02","E","999.9","000000"
"01046099999","2011-05-28","69.786839","20.959444","4.87","SORKJOSEN, NO","  49.1","24","  35.9","24","1002.1","20","001.4","20"," 18.1"," 6","  9.5","24"," 17.5","999.9","  53.8"," ","  44.2"," ","99.99"," ","999.9","010000"
"01046099999","2011-05-29","69.786839","20.959444","4.87","SORKJOSEN, NO","  53.8","24","  37.5","24"," 997.5","22","996.8","22"," 30.8"," 5","  9.2","24"," 17.5","999.9","  62.4"," ","  43.7"," "," 0.00","G","999.9","000000"
"01046099999","2011-05-30","69.786839","20.959444","4.87","SORKJOSEN, NO","  50.0","24","  39.4","24"," 998.1","15","997.4","15"," 13.1","11","  7.1","24"," 12.0","999.9","  57.4"," ","  44.1","*","99.99"," ","999.9","010000"
"01046099999","2011-05-31","69.786839","20.959444","4.87","SORKJOSEN, NO","  53.3","22","  34.5","22","1008.6","12","007.9","12","  9.9","11","  5.8","21"," 18.1","999.9","  62.6"," ","  43.3"," "," 0.22","G","999.9","000000"
"01046099999","2011-06-01","69.786839","20.959444","4.87","SORKJOSEN, NO","  49.7","24","  36.7","24","1013.7","12","013.0","12","  9.6","13","  4.6","23"," 11.7","999.9","  57.4"," ","  42.4","*"," 0.00","G","999.9","000000"
"01046099999","2011-06-02","69.786839","20.959444","4.87","SORKJOSEN, NO","  49.7","24","  37.1","24","1015.1","17","014.4","17"," 15.1"," 9","  4.3","24","  8.0","999.9","  59.4"," ","  39.0"," "," 0.00","G","999.9","000000"
"01046099999","2011-06-03","69.786839","20.959444","4.87","SORKJOSEN, NO","  52.3","24","  39.1","24","1014.8","13","014.1","13","  9.3","12","  4.2","24","  8.0","999.9","  59.9"," ","  46.8"," "," 0.00","G","999.9","010000"
"01046099999","2011-06-04","69.786839","20.959444","4.87","SORKJOSEN, NO","  46.0","24","  37.5","24","1007.1","19","006.3","19"," 16.5"," 7","  7.8","24"," 15.5","999.9","  53.6"," ","  39.7","*"," 0.00","G","999.9","010000"
"01046099999","2011-06-05","69.786839","20.959444","4.87","SORKJOSEN, NO","  47.0","23","  32.0","23","1012.3","21","011.6","21"," 19.4"," 6","  6.3","23","  9.7","999.9","  51.8","*","  38.8"," "," 0.40","G","999.9","010000"
"01046099999","2011-06-06","69.786839","20.959444","4.87","SORKJOSEN, NO","  52.3","24","  31.8","24","1011.1","12","010.4","12","  6.2","12","  5.2","24","  9.9","999.9","  59.0"," ","  44.4"," "," 0.00","G","999.9","000000"
"01046099999","2011-06-07","69.786839","20.959444","4.87","SORKJOSEN, NO","  52.9","24","  44.6","24","1007.5","13","006.8","13"," 10.9","13","  5.3","24"," 13.0","999.9","  62.6","*","  44.8","*"," 0.00","G","999.9","010000"
"01046099999","2011-06-08","69.786839","20.959444","4.87","SORKJOSEN, NO","  47.1","24","  44.3","24","1014.3","12","013.6","12","  7.5","14","  3.5","24","  7.8","999.9","  50.4"," ","  44.1"," "," 0.10","G","999.9","100000"
"01046099999","2011-06-09","69.786839","20.959444","4.87","SORKJOSEN, NO","  54.1","24","  48.1","24","1018.1","15","017.4","15","  9.5","10","  3.9","24","  8.0","999.9","  64.2"," ","  45.3"," "," 0.00","G","999.9","100000"
"01046099999","2011-06-10","69.786839","20.959444","4.87","SORKJOSEN, NO","  57.6","24","  50.4","24","1018.4","19","017.7","19"," 12.9"," 6","  4.1","24","  9.7","999.9","  67.1"," ","  49.5"," "," 0.00","G","999.9","000000"
"01046099999","2011-06-11","69.786839","20.959444","4.87","SORKJOSEN, NO","  55.9","24","  47.4","24","1018.7","21","018.0","21"," 26.5"," 6","  6.9","24"," 15.0","999.9","  61.7","*","  50.5"," "," 0.00","G","999.9","000000"
"01046099999","2011-06-12","69.786839","20.959444","4.87","SORKJOSEN, NO","  56.3","24","  32.1","24","1019.4","22","018.7","22"," 30.4"," 5"," 13.3","24"," 17.5","999.9","  61.0"," ","  50.5"," "," 0.00","G","999.9","000000"
"01046099999","2011-06-13","69.786839","20.959444","4.87","SORKJOSEN, NO","  52.7","22","  34.9","22","1018.9","19","018.2","19"," 26.4"," 6","  9.7","22"," 17.5","999.9","  59.0"," ","  46.8"," "," 0.00","G","999.9","000000"
"01046099999","2011-06-14","69.786839","20.959444","4.87","SORKJOSEN, NO","  55.4","24","  38.9","24","1013.7","14","013.0","14","  6.2","10","  4.7","24","  9.9","999.9","  61.5"," ","  43.5"," "," 0.00","E","999.9","000000"
"01046099999","2011-06-15","69.786839","20.959444","4.87","SORKJOSEN, NO","  57.2","24","  41.4","24","1012.6","12","011.8","12","  6.4","12","  6.6","24","  9.9","999.9","  65.5"," ","  46.8"," "," 0.00","E","999.9","000000"
"01046099999","2011-06-16","69.786839","20.959444","4.87","SORKJOSEN, NO","  49.5","24","  40.6","24","1014.8","15","014.1","15","  7.0"," 9","  7.0","24"," 13.6","999.9","  55.2"," ","  45.5","*"," 0.00","I","999.9","000000"
"01046099999","2011-06-17","69.786839","20.959444","4.87","SORKJOSEN, NO","  48.9","24","  38.5","24","1014.5","14","013.8","14"," 15.7","13","  5.5","24","  9.7","999.9","  54.0"," ","  44.6"," "," 0.00","G","999.9","000000"
"01046099999","2011-06-18","69.786839","20.959444","4.87","SORKJOSEN, NO","  58.4","24","  37.8","24","1011.4","20","010.7","20"," 24.0"," 7","  5.9","24"," 11.7","999.9","  66.7"," ","  44.8"," "," 0.00","G","999.9","000000"
"01046099999","2011-06-19","69.786839","20.959444","4.87","SORKJOSEN, NO","  59.4","24","  37.1","24","1009.1","21","008.5","21"," 26.8"," 6","  7.6","24"," 11.7","999.9","  64.8"," ","  53.2"," "," 0.00","G","999.9","000000"
"01046099999","2011-06-20","69.786839","20.959444","4.87","SORKJOSEN, NO","  57.9","24","  45.2","24","1005.9","13","005.3","13"," 13.1","13","  4.2","24"," 11.7","999.9","  62.6"," ","  52.5"," "," 0.00","E","999.9","000000"
"01046099999","2011-06-21","69.786839","20.959444","4.87","SORKJOSEN, NO","  51.8","24","  46.6","24"," 997.7","14","997.0","14"," 10.3","11","  4.3","24","  9.9","999.9","  54.1","*","  49.1","*"," 0.04","G","999.9","010000"
"01046099999","2011-06-22","69.786839","20.959444","4.87","SORKJOSEN, NO","  55.5","24","  47.7","24"," 993.7","15","993.0","15"," 13.6","11","  7.4","24"," 15.5"," 22.0","  62.6"," ","  48.7"," "," 0.41","G","999.9","010000"
"01046099999","2011-06-23","69.786839","20.959444","4.87","SORKJOSEN, NO","  51.9","24","  45.5","24","1002.5","13","001.8","13","  8.0","12","  3.2","24","  7.0","999.9","  55.4","*","  46.6","*"," 0.19","G","999.9","110000"
"01046099999","2011-06-24","69.786839","20.959444","4.87","SORKJOSEN, NO","  52.3","24","  44.8","24","1007.4","16","006.7","16"," 17.8","11","  5.2","24"," 12.0","999.9","  57.4"," ","  43.9"," "," 0.02","G","999.9","000000"
"01046099999","2011-06-25","69.786839","20.959444","4.87","SORKJOSEN, NO","  52.4","24","  45.1","24","1013.2","21","012.5","21"," 22.7"," 7","  4.9","24","  9.7","999.9","  57.4"," ","  48.2"," "," 0.00","G","999.9","100000"
"01046099999","2011-06-26","69.786839","20.959444","4.87","SORKJOSEN, NO","  51.9","24","  46.5","24","1019.4","22","018.6","22"," 17.1"," 5","  4.9","24","  7.8","999.9","  54.5"," ","  49.1","*"," 0.02","G","999.9","110000"
"01046099999","2011-06-27","69.786839","20.959444","4.87","SORKJOSEN, NO","  50.5","24","  44.4","24","1021.7","13","021.0","13","  6.2","12","  5.2","24","  9.9","999.9","  55.9"," ","  47.7"," "," 0.00","G","999.9","100000"
"01046099999","2011-06-28","69.786839","20.959444","4.87","SORKJOSEN, NO","  56.0","24","  48.6","24","1016.4","15","015.7","15"," 13.7","11","  3.6","24","  9.9","999.9","  61.0"," ","  47.1"," "," 0.02","E","999.9","010000"
"01046099999","2011-06-29","69.786839","20.959444","4.87","SORKJOSEN, NO","  56.7","24","  49.1","24","1015.0","15","014.3","15"," 10.7","10","  6.4","24"," 13.6","999.9","  61.0"," ","  51.3","*"," 0.00","I","999.9","000000"
"01046099999","2011-06-30","69.786839","20.959444","4.87","SORKJOSEN, NO","  51.7","24","  46.0","24","1017.2","13","016.5","13"," 10.3","12","  6.1","23"," 13.6","999.9","  55.4","*","  48.4","*"," 0.00","G","999.9","010000"
"01046099999","2011-07-01","69.786839","20.959444","4.87","SORKJOSEN, NO","  50.1","24","  42.2","24","1020.9","12","020.2","12"," 10.0","13","  5.5","24","  9.7","999.9","  54.3"," ","  47.1"," "," 0.03","G","999.9","010000"
"01046099999","2011-07-02","69.786839","20.959444","4.87","SORKJOSEN, NO","  50.6","24","  42.9","24","1021.0","19","020.3","19"," 17.9"," 7","  7.7","24"," 13.6","999.9","  56.5"," ","  47.5","*"," 0.02","G","999.9","010000"
"01046099999","2011-07-03","69.786839","20.959444","4.87","SORKJOSEN, NO","  49.0","24","  40.9","24","1022.4","21","021.7","21"," 28.3"," 7","  7.0","24","  9.9","999.9","  52.3"," ","  45.9"," "," 0.05","G","999.9","000000"
"01046099999","2011-07-04","69.786839","20.959444","4.87","SORKJOSEN, NO","  49.1","24","  41.8","24","1021.2","14","020.5","14"," 10.3","12","  5.9","24"," 11.7","999.9","  52.0"," ","  44.2"," "," 0.00","G","999.9","000000"
"01046099999","2011-07-05","69.786839","20.959444","4.87","SORKJOSEN, NO","  49.3","24","  41.4","24","1019.4","12","018.7","12","  7.6","13","  7.7","24"," 15.5","999.9","  54.1"," ","  42.8"," "," 0.00","G","999.9","100000"
"01046099999","2011-07-06","69.786839","20.959444","4.87","SORKJOSEN, NO","  48.4","24","  39.5","24","1018.7","18","018.0","18"," 12.5"," 7","  7.4","24"," 12.0","999.9","  52.2"," ","  45.7","*"," 0.00","E","999.9","010000"
"01046099999","2011-07-07","69.786839","20.959444","4.87","SORKJOSEN, NO","  48.9","24","  41.1","24","1015.4","13","014.7","13","  6.8","11","  5.8","24"," 13.6","999.9","  53.6"," ","  45.0"," "," 0.00","G","999.9","000000"
"01046099999","2011-07-08","69.786839","20.959444","4.87","SORKJOSEN, NO","  54.9","24","  47.9","24","1012.8","13","012.1","13"," 12.6","13","  3.5","24","  7.8","999.9","  59.5"," ","  46.6"," "," 0.00","G","999.9","010000"
"01046099999","2011-07-09","69.786839","20.959444","4.87","SORKJOSEN, NO","  71.2","24","  54.2","24","1010.9","21","010.2","21"," 26.4"," 6","  6.1","24"," 13.6","999.9","  87.8","*","  53.8"," "," 0.00","G","999.9","000000"
"01046099999","2011-07-10","69.786839","20.959444","4.87","SORKJOSEN, NO","  60.2","24","  54.0","24","1012.4","21","011.7","21"," 21.1"," 6","  7.0","24","  9.7","999.9","  67.5","*","  53.4","*"," 0.02","G","999.9","010010"
"01046099999","2011-07-11","69.786839","20.959444","4.87","SORKJOSEN, NO","  51.0","24","  47.7","24","1013.9","19","013.2","19","  6.3"," 6","  7.4","24"," 11.7","999.9","  53.1","*","  47.7","*"," 0.00","G","999.9","010000"
"01046099999","2011-07-12","69.786839","20.959444","4.87","SORKJOSEN, NO","  49.2","24","  44.0","24","1014.4","17","013.7","17"," 11.8","10","  6.1","24","  9.7","999.9","  52.7"," ","  46.4"," "," 0.20","G","999.9","010000"
"01046099999","2011-07-13","69.786839","20.959444","4.87","SORKJOSEN, NO","  50.4","24","  41.3","24","1007.6","17","006.9","17"," 10.4","10","  5.5","24","  9.9","999.9","  55.6"," ","  43.9"," "," 0.06","G","999.9","010000"
"01046099999","2011-07-14","69.786839","20.959444","4.87","SORKJOSEN, NO","  49.9","24","  39.0","24","1007.5","17","006.8","17"," 11.0"," 9","  7.1","24"," 11.7"," 20.0","  56.1"," ","  44.8"," "," 0.00","G","999.9","010000"
"01046099999","2011-07-15","69.786839","20.959444","4.87","SORKJOSEN, NO","  49.5","24","  38.3","24","1010.8","17","010.1","17"," 12.7"," 9","  7.2","24"," 13.6"," 18.1","  54.7"," ","  41.9","*"," 0.14","G","999.9","010000"
"01046099999","2011-07-16","69.786839","20.959444","4.87","SORKJOSEN, NO","  49.0","24","  39.8","24","1007.9","22","007.2","22"," 26.6"," 4","  7.5","24"," 11.7","999.9","  53.1"," ","  41.9"," "," 0.00","G","999.9","000000"
"01046099999","2011-07-17","69.786839","20.959444","4.87","SORKJOSEN, NO","  48.5","24","  40.5","24","1007.5","22","006.8","22"," 30.8"," 5","  3.5","24","  5.8","999.9","  51.1"," ","  44.1","*"," 0.00","G","999.9","000000"
"01046099999","2011-07-18","69.786839","20.959444","4.87","SORKJOSEN, NO","  58.7","24","  48.0","24","1005.0","15","004.3","15"," 14.2","11"," 10.9","24"," 22.9","999.9","  66.2","*","  43.0"," "," 0.00","G","999.9","000000"
"01046099999","2011-07-19","69.786839","20.959444","4.87","SORKJOSEN, NO","  65.0","24","  53.4","24","1001.1","14","000.4","14"," 10.3","11"," 14.6","24"," 23.9"," 28.9","  75.2"," ","  52.9","*"," 0.00","G","999.9","010000"
"01046099999","2011-07-20","69.786839","20.959444","4.87","SORKJOSEN, NO","  55.7","24","  50.9","24","1003.8","15","003.1","15","  6.3","10","  5.4","24"," 13.6","999.9","  64.6"," ","  50.7"," "," 0.00","I","999.9","100000"
"01046099999","2011-07-21","69.786839","20.959444","4.87","SORKJOSEN, NO","  52.2","23","  47.7","23","1011.3","13","010.6","13","  7.8","13","  4.4","23","  9.7","999.9","  53.6","*","  50.7","*"," 0.07","G","999.9","010000"
"01046099999","2011-07-22","69.786839","20.959444","4.87","SORKJOSEN, NO","  53.3","24","  44.4","24","1015.9","13","015.2","13"," 10.9","13","  4.6","24"," 11.7","999.9","  59.0"," ","  46.6","*"," 0.02","G","999.9","000000"
"01046099999","2011-07-23","69.786839","20.959444","4.87","SORKJOSEN, NO","  50.1","24","  44.4","24","1017.8","19","017.1","19"," 13.4"," 7","  4.7","24","  9.9","999.9","  53.6","*","  44.6"," "," 0.00","G","999.9","110000"
"01046099999","2011-07-24","69.786839","20.959444","4.87","SORKJOSEN, NO","  55.9","24","  50.2","24","1011.2","21","010.5","21"," 13.3"," 6","  4.1","24"," 13.6","999.9","  65.1"," ","  47.8"," "," 0.24","G","999.9","010000"
"01046099999","2011-07-25","69.786839","20.959444","4.87","SORKJOSEN, NO","  55.0","24","  52.0","24","1005.9","17","005.2","17"," 11.0"," 9","  3.3","24","  6.0","999.9","  57.6","*","  53.4","*"," 0.32","G","999.9","010000"
"01046099999","2011-07-26","69.786839","20.959444","4.87","SORKJOSEN, NO","  61.7","24","  53.5","24","1012.2","14","011.5","14"," 12.4","13","  3.9","24","  9.9","999.9","  71.1"," ","  53.2"," "," 0.33","G","999.9","100000"
"01046099999","2011-07-27","69.786839","20.959444","4.87","SORKJOSEN, NO","  56.5","24","  52.2","24","1019.6","14","018.9","14","  7.0","10","  5.0","24","  9.7","999.9","  61.9","*","  51.8","*"," 0.00","G","999.9","010000"
"01046099999","2011-07-28","69.786839","20.959444","4.87","SORKJOSEN, NO","  53.0","24","  48.0","24","1022.9","13","022.2","13","  6.6","12","  4.9","24","  9.7","999.9","  57.6"," ","  48.2","*"," 0.01","G","999.9","100000"
"01046099999","2011-07-29","69.786839","20.959444","4.87","SORKJOSEN, NO","  56.4","24","  50.6","24","1019.4","12","018.7","12","  9.8","12","  5.3","23"," 13.6","999.9","  66.4","*","  46.0"," "," 0.00","G","999.9","100000"
"01046099999","2011-07-30","69.786839","20.959444","4.87","SORKJOSEN, NO","  52.7","24","  48.2","24","1020.2","20","019.5","20","  5.6"," 4","  6.1","23","  9.7","999.9","  56.8"," ","  47.8","*"," 0.03","G","999.9","010000"
"01046099999","2011-07-31","69.786839","20.959444","4.87","SORKJOSEN, NO","  60.6","24","  48.8","24","1018.4","22","017.7","22"," 33.1"," 6","  7.7","24"," 15.5","999.9","  69.8"," ","  45.7"," "," 0.00","G","999.9","000000"
"01046099999","2011-08-01","69.786839","20.959444","4.87","SORKJOSEN, NO","  62.1","24","  48.0","24","1017.8","19","017.1","19"," 21.3"," 8","  6.3","24"," 13.6","999.9","  71.6"," ","  48.7","*"," 0.00","G","999.9","000000"
"01046099999","2011-08-02","69.786839","20.959444","4.87","SORKJOSEN, NO","  54.4","24","  50.2","24","1019.9","16","019.2","16"," 10.8"," 9","  5.1","24"," 11.7","999.9","  60.6"," ","  47.3"," "," 0.00","G","999.9","000000"
"01046099999","2011-08-03","69.786839","20.959444","4.87","SORKJOSEN, NO","  53.3","24","  48.3","24","1020.2","13","019.5","13","  6.5","12","  6.2","24"," 14.0","999.9","  60.1"," ","  47.3","*"," 0.05","G","999.9","110000"
"01046099999","2011-08-04","69.786839","20.959444","4.87","SORKJOSEN, NO","  49.1","24","  39.5","24","1022.8","18","022.1","18"," 16.4"," 9","  6.8","24","  9.9","999.9","  53.6"," ","  45.5"," "," 0.05","G","999.9","010000"
"01046099999","2011-08-05","69.786839","20.959444","4.87","SORKJOSEN, NO","  49.0","24","  40.8","24","1018.3","14","017.6","14"," 10.6","11","  4.6","24","  9.7","999.9","  51.1"," ","  45.5"," "," 0.00","G","999.9","000000"
"01046099999","2011-08-06","69.786839","20.959444","4.87","SORKJOSEN, NO","  46.8","24","  39.5","24","1011.6","20","010.9","20"," 21.8"," 7","  8.2","24"," 12.0","999.9","  48.9"," ","  43.5","*"," 0.07","G","999.9","000000"
"01046099999","2011-08-07","69.786839","20.959444","4.87","SORKJOSEN, NO","  47.0","24","  40.2","24","1007.7","21","007.0","21"," 22.9"," 7","  5.6","24","  9.9","999.9","  50.5"," ","  42.3"," "," 0.02","G","999.9","010000"
"01046099999","2011-08-08","69.786839","20.959444","4.87","SORKJOSEN, NO","  50.2","24","  41.3","24","1002.2","15","001.4","15"," 14.2","11","  6.2","24"," 15.5","999.9","  55.8"," ","  42.3"," "," 0.02","G","999.9","010000"
"01046099999","2011-08-09","69.786839","20.959444","4.87","SORKJOSEN, NO","  51.1","24","  39.8","24","1001.3","12","000.6","12","  8.8","13","  7.6","24"," 14.0","999.9","  57.2","*","  47.7"," "," 0.02","G","999.9","010000"
"01046099999","2011-08-10","69.786839","20.959444","4.87","SORKJOSEN, NO","  46.7","24","  40.5","24","1004.5","16","003.8","16","  7.6"," 9","  5.8","24"," 11.7","999.9","  51.4"," ","  44.1","*"," 0.03","G","999.9","010000"
"01046099999","2011-08-11","69.786839","20.959444","4.87","SORKJOSEN, NO","  46.9","24","  39.6","24","1006.5","13","005.8","13","  7.0","11","  3.9","24","  9.7","999.9","  53.2"," ","  41.5"," "," 0.06","G","999.9","000000"
"01046099999","2011-08-12","69.786839","20.959444","4.87","SORKJOSEN, NO","  47.9","22","  41.2","22","1010.1","14","009.4","14"," 11.4"," 9","  3.5","22","  9.7","999.9","  53.6"," ","  43.0"," "," 0.02","G","999.9","000000"
"01046099999","2011-08-13","69.786839","20.959444","4.87","SORKJOSEN, NO","  49.2","24","  42.0","24","1016.8","19","016.1","19"," 21.9"," 8","  3.8","24","  9.7","999.9","  56.1"," ","  41.2","*"," 0.00","G","999.9","010000"
"01046099999","2011-08-14","69.786839","20.959444","4.87","SORKJOSEN, NO","  58.9","24","  41.8","24","1017.5","22","016.8","22"," 33.1"," 6","  5.5","24"," 13.6","999.9","  73.9"," ","  39.6"," "," 0.00","G","999.9","000000"
"01046099999","2011-08-15","69.786839","20.959444","4.87","SORKJOSEN, NO","  66.6","24","  41.2","24","1020.2","13","019.5","13","  9.5","12"," 10.8","24"," 19.0"," 26.0","  75.2","*","  51.8"," "," 0.00","G","999.9","000000"
"01046099999","2011-08-16","69.786839","20.959444","4.87","SORKJOSEN, NO","  67.6","24","  44.8","24","1017.6","12","016.9","12","  9.3","13"," 15.4","24"," 22.0"," 32.1","  75.2","*","  60.6"," "," 0.00","G","999.9","000000"
"01046099999","2011-08-17","69.786839","20.959444","4.87","SORKJOSEN, NO","  66.7","24","  45.7","24","1016.4","15","015.7","15"," 13.6","11"," 15.0","24"," 21.4","999.9","  71.6"," ","  61.9"," "," 0.00","G","999.9","000000"
"01046099999","2011-08-18","69.786839","20.959444","4.87","SORKJOSEN, NO","  64.5","24","  46.5","24","1016.1","13","015.4","13","  9.9","12"," 10.3","24"," 19.4","999.9","  69.8","*","  60.6"," "," 0.00","G","999.9","000000"
"01046099999","2011-08-19","69.786839","20.959444","4.87","SORKJOSEN, NO","  63.0","24","  39.4","24","1015.1","14","014.4","14","  9.8","11"," 12.2","24"," 18.1","999.9","  70.5"," ","  57.2","*"," 0.00","G","999.9","000000"
"01046099999","2011-08-20","69.786839","20.959444","4.87","SORKJOSEN, NO","  59.0","24","  46.6","24","1016.0","20","015.3","20"," 20.2"," 6"," 14.2","24"," 21.0","999.9","  62.8"," ","  55.6"," "," 0.00","E","999.9","000000"
"01046099999","2011-08-21","69.786839","20.959444","4.87","SORKJOSEN, NO","  60.5","24","  46.5","24","1015.7","21","015.0","21"," 29.3"," 7"," 13.0","24"," 19.4","999.9","  65.8"," ","  54.3"," "," 0.00","G","999.9","000000"
"01046099999","2011-08-22","69.786839","20.959444","4.87","SORKJOSEN, NO","  62.4","24","  48.8","24","1013.0","13","012.3","13","  7.0","11"," 12.2","24"," 21.4"," 28.0","  66.9"," ","  56.3"," "," 0.00","G","999.9","000000"
"01046099999","2011-08-23","69.786839","20.959444","4.87","SORKJOSEN, NO","  56.2","24","  50.9","24","1016.8","11","016.1","11","  9.8","14","  4.8","24"," 12.0","999.9","  62.2","*","  52.3","*"," 0.02","G","999.9","010000"
"01046099999","2011-08-24","69.786839","20.959444","4.87","SORKJOSEN, NO","  53.3","24","  48.3","24","1021.7","13","021.0","13","  7.7","12","  3.1","24","  7.8","999.9","  58.8"," ","  48.4","*"," 0.45","G","999.9","010000"
"01046099999","2011-08-25","69.786839","20.959444","4.87","SORKJOSEN, NO","  54.6","24","  47.1","24","1018.4","12","017.7","12","  9.3","13","  3.6","24","  9.9","999.9","  62.2"," ","  46.4"," "," 0.03","G","999.9","000000"
"01046099999","2011-08-26","69.786839","20.959444","4.87","SORKJOSEN, NO","  53.7","24","  49.0","24","1014.0","12","013.3","12","  9.3","13","  3.0","24","  8.0","999.9","  59.2"," ","  46.6"," "," 0.00","G","999.9","000000"
"01046099999","2011-08-27","69.786839","20.959444","4.87","SORKJOSEN, NO","  54.7","24","  51.4","24","1010.2","20","009.5","20"," 14.9"," 5","  2.3","24","  7.8","999.9","  59.2"," ","  49.8"," "," 0.09","G","999.9","000000"
"01046099999","2011-08-28","69.786839","20.959444","4.87","SORKJOSEN, NO","  53.5","24","  51.5","24","1002.4","21","001.7","21"," 17.2"," 5","  3.5","24","  8.9","999.9","  55.6"," ","  51.3","*"," 0.00","G","999.9","010000"
"01046099999","2011-08-29","69.786839","20.959444","4.87","SORKJOSEN, NO","  54.2","24","  48.4","24"," 998.8","14","998.2","14","  9.6","12","  3.1","24","  7.8","999.9","  59.0","*","  50.4"," "," 0.15","G","999.9","110000"
"01046099999","2011-08-30","69.786839","20.959444","4.87","SORKJOSEN, NO","  54.1","24","  42.3","24","1002.0","16","001.3","16"," 14.9","10","  9.3","24"," 15.0","999.9","  59.2"," ","  51.1","*"," 0.00","G","999.9","000000"
"01046099999","2011-08-31","69.786839","20.959444","4.87","SORKJOSEN, NO","  51.6","24","  44.3","24","1009.3","13","008.6","13","  7.0","12","  3.7","24","  9.9","999.9","  54.9"," ","  48.2"," "," 0.03","G","999.9","000000"
"01046099999","2011-09-01","69.786839","20.959444","4.87","SORKJOSEN, NO","  51.3","24","  37.2","24","1013.7","16","013.0","16"," 14.7","10","  8.5","24"," 15.5","999.9","  57.2","*","  45.9","*"," 0.00","G","999.9","000000"
"01046099999","2011-09-02","69.786839","20.959444","4.87","SORKJOSEN, NO","  49.5","24","  40.8","24","1014.7","13","014.0","13","  9.9","12","  2.9","24","  8.0","999.9","  59.0"," ","  37.8"," "," 0.00","G","999.9","000000"
"01046099999","2011-09-03","69.786839","20.959444","4.87","SORKJOSEN, NO","  55.1","24","  42.3","24","1014.4","20","013.7","20"," 14.2"," 5","  7.1","24"," 13.6","999.9","  63.3"," ","  47.1"," "," 0.00","E","999.9","000000"
"01046099999","2011-09-04","69.786839","20.959444","4.87","SORKJOSEN, NO","  57.0","24","  43.6","24","1011.1","21","010.4","21"," 22.8"," 5"," 14.3","24"," 23.3","999.9","  63.5"," ","  48.4"," "," 0.00","G","999.9","000000"
"01046099999","2011-09-05","69.786839","20.959444","4.87","SORKJOSEN, NO","  57.0","24","  49.0","24","1006.9","12","006.2","12","  9.0","13","  4.7","24"," 11.7","999.9","  66.2","*","  47.7","*","99.99"," ","999.9","010000"
"01046099999","2011-09-06","69.786839","20.959444","4.87","SORKJOSEN, NO","  57.1","24","  47.9","24"," 999.2","13","998.5","13"," 10.0","12"," 10.9","24"," 27.2"," 37.9","  69.8","*","  44.6"," "," 0.04","F","999.9","010000"
"01046099999","2011-09-07","69.786839","20.959444","4.87","SORKJOSEN, NO","  60.5","24","  43.7","24"," 994.1","11","993.5","11","  9.8","14"," 21.5","24"," 31.1"," 43.9","  64.4","*","  55.8"," "," 0.00","I","999.9","000000"
"01046099999","2011-09-08","69.786839","20.959444","4.87","SORKJOSEN, NO","  58.7","24","  46.6","24"," 996.7","12","996.0","12"," 10.0","13"," 12.9","24"," 20.0","999.9","  65.8"," ","  49.3","*"," 0.01","G","999.9","000000"
"01046099999","2011-09-09","69.786839","20.959444","4.87","SORKJOSEN, NO","  57.0","24","  47.2","24","1004.0","13","003.3","13"," 13.0","13","  7.1","24"," 15.9","999.9","  64.4"," ","  46.4"," "," 0.00","G","999.9","000000"
"01046099999","2011-09-10","69.786839","20.959444","4.87","SORKJOSEN, NO","  54.6","24","  47.1","24","1006.4","18","005.7","18"," 16.3"," 8","  3.3","24","  9.7","999.9","  60.1"," ","  49.6"," "," 0.00","G","999.9","000000"
"01046099999","2011-09-11","69.786839","20.959444","4.87","SORKJOSEN, NO","  52.2","24","  49.3","24","1004.0","21","003.3","21"," 14.9"," 7","  3.6","24","  9.7","999.9","  57.6"," ","  48.6","*"," 0.44","G","999.9","110000"
"01046099999","2011-09-12","69.786839","20.959444","4.87","SORKJOSEN, NO","  49.8","24","  47.2","24"," 996.3","14","995.6","14","  6.6","12","  2.1","24","  4.1","999.9","  53.8"," ","  45.3"," "," 0.04","G","999.9","110000"
"01046099999","2011-09-13","69.786839","20.959444","4.87","SORKJOSEN, NO","  58.3","24","  47.2","24"," 986.2","13","985.6","13","  9.9","12"," 11.8","24"," 21.0","999.9","  65.1"," ","  49.1"," "," 0.00","G","999.9","000000"
"01046099999","2011-09-14","69.786839","20.959444","4.87","SORKJOSEN, NO","  53.9","24","  49.5","24"," 986.2","14","985.5","14","  7.0","10","  4.2","24","  7.8","999.9","  57.2","*","  49.6","*"," 0.02","G","999.9","010000"
"01046099999","2011-09-15","69.786839","20.959444","4.87","SORKJOSEN, NO","  48.9","23","  46.2","23"," 994.5","13","993.8","13","  6.7","10","  4.1","23","  9.7","999.9","  51.1"," ","  47.7"," "," 0.22","G","999.9","010000"
"01046099999","2011-09-16","69.786839","20.959444","4.87","SORKJOSEN, NO","  47.3","23","  40.2","23","1007.0","12","006.2","12","  7.6","12","  8.6","23"," 16.9","999.9","  50.0"," ","  42.3","*"," 0.15","G","999.9","010000"
"01046099999","2011-09-17","69.786839","20.959444","4.87","SORKJOSEN, NO","  47.1","24","  35.6","24","1012.5","19","011.8","19"," 14.3"," 7","  8.6","23"," 15.9","999.9","  50.5"," ","  42.1"," "," 0.05","G","999.9","010000"
"01046099999","2011-09-18","69.786839","20.959444","4.87","SORKJOSEN, NO","  45.1","24","  41.4","24","1016.3","19","015.6","19"," 16.3"," 9","  2.6","24","  6.0","999.9","  47.3"," ","  41.9"," "," 0.04","G","999.9","010000"
"01046099999","2011-09-19","69.786839","20.959444","4.87","SORKJOSEN, NO","  49.5","24","  42.6","24","1018.2","16","017.5","16"," 14.7","10","  5.7","24"," 15.5","999.9","  54.3"," ","  42.8","*"," 0.11","G","999.9","100000"
"01046099999","2011-09-20","69.786839","20.959444","4.87","SORKJOSEN, NO","  51.4","24","  37.8","24","1012.8","13","012.0","13","  7.0","11"," 18.2","24"," 25.3"," 29.9","  55.4","*","  48.9"," "," 0.00","G","999.9","000000"
"01046099999","2011-09-21","69.786839","20.959444","4.87","SORKJOSEN, NO","  52.0","24","  41.3","24","1011.0","15","010.2","15"," 14.2","11"," 12.9","24"," 15.5","999.9","  57.2"," ","  48.2"," "," 0.00","G","999.9","000000"
"01046099999","2011-09-22","69.786839","20.959444","4.87","SORKJOSEN, NO","  48.6","24","  36.8","24","1005.9","12","005.2","12"," 10.0","13"," 15.3","24"," 25.3"," 33.0","  51.1"," ","  45.1","*"," 0.00","G","999.9","000000"
"01046099999","2011-09-23","69.786839","20.959444","4.87","SORKJOSEN, NO","  45.2","24","  32.9","24","1001.8","12","001.1","12","  7.0","12","  7.0","23"," 13.6","999.9","  48.7"," ","  41.0","*"," 0.00","G","999.9","000000"
"01046099999","2011-09-24","69.786839","20.959444","4.87","SORKJOSEN, NO","  43.2","24","  37.3","24","1007.6","19","006.8","19"," 21.9"," 8","  1.7","24","  3.9","999.9","  48.7"," ","  38.3"," "," 0.00","G","999.9","000000"
"01046099999","2011-09-25","69.786839","20.959444","4.87","SORKJOSEN, NO","  46.5","24","  36.1","24","1011.5","21","010.8","21"," 29.2"," 7","  4.6","24"," 11.7","999.9","  53.8"," ","  38.3"," "," 0.00","G","999.9","010000"
"01046099999","2011-09-26","69.786839","20.959444","4.87","SORKJOSEN, NO","  52.7","24","  39.9","24","1008.3","16","007.6","16","  6.7"," 8"," 12.6","24"," 23.3","999.9","  59.7"," ","  42.3"," "," 0.03","G","999.9","000000"
"01046099999","2011-09-27","69.786839","20.959444","4.87","SORKJOSEN, NO","  48.4","20","  43.6","20","1005.6","10","004.9","10","  9.3","12","  1.7","20","  7.8","999.9","  51.8","*","  45.0","*"," 0.11","G","999.9","010000"
"01046099999","2011-09-28","69.786839","20.959444","4.87","SORKJOSEN, NO","  47.2","24","  38.6","24","1006.0","15","005.3","15","  7.0"," 9","  5.0","24"," 13.6","999.9","  54.0"," ","  42.8"," "," 0.00","G","999.9","000000"
"01046099999","2011-09-29","69.786839","20.959444","4.87","SORKJOSEN, NO","  50.3","24","  39.3","24","1003.0","13","002.3","13","  9.9","12","  3.5","24","  9.9","999.9","  57.6","*","  42.8"," "," 0.07","G","999.9","010000"
"01046099999","2011-09-30","69.786839","20.959444","4.87","SORKJOSEN, NO","  46.6","24","  40.9","24","1009.9","12","009.2","12","  7.9","13"," 10.5","24"," 19.4"," 28.0","  50.7"," ","  43.5","*"," 0.00","G","999.9","010000"
"01046099999","2011-10-01","69.786839","20.959444","4.87","SORKJOSEN, NO","  46.2","24","  36.8","24","1019.0","21","018.2","21"," 21.7"," 6","  4.9","24"," 11.7","999.9","  53.6"," ","  34.2"," "," 0.18","G","999.9","010000"
"01046099999","2011-10-02","69.786839","20.959444","4.87","SORKJOSEN, NO","  45.2","24","  42.2","24","1007.3","22","006.6","22"," 19.0"," 4","  2.3","24","  7.8","999.9","  48.6"," ","  40.1","*"," 0.05","G","999.9","010000"
"01046099999","2011-10-03","69.786839","20.959444","4.87","SORKJOSEN, NO","  43.4","24","  39.1","24","1001.6","18","000.9","18"," 16.1"," 8","  2.2","24","  5.8","999.9","  47.8"," ","  39.0"," "," 0.48","G","999.9","010000"
"01046099999","2011-10-04","69.786839","20.959444","4.87","SORKJOSEN, NO","  44.7","24","  37.6","24"," 985.8","13","985.1","13"," 10.3","12","  9.5","24"," 23.3","999.9","  48.2"," ","  39.7"," "," 0.07","G","999.9","010000"
"01046099999","2011-10-05","69.786839","20.959444","4.87","SORKJOSEN, NO","  41.9","24","  37.1","24"," 981.4","15","980.7","15"," 13.9","11","  2.4","24","  7.8","999.9","  50.4"," ","  36.3","*"," 0.13","G","999.9","000000"
"01046099999","2011-10-06","69.786839","20.959444","4.87","SORKJOSEN, NO","  40.6","24","  34.5","24"," 981.5","12","980.8","12","  6.7","12","  8.2","24"," 13.6","999.9","  44.6","*","  35.8"," "," 0.00","G","999.9","000000"
"01046099999","2011-10-07","69.786839","20.959444","4.87","SORKJOSEN, NO","  42.7","23","  37.2","23"," 978.0","17","977.3","17"," 12.7"," 7"," 10.0","23"," 27.0"," 35.9","  46.4","*","  37.4"," "," 0.05","G","999.9","010000"
"01046099999","2011-10-08","69.786839","20.959444","4.87","SORKJOSEN, NO","  36.8","24","  29.3","24","1002.0","19","001.3","19","  7.5"," 8","  8.0","24"," 15.5"," 21.0","  42.3","*","  32.2","*"," 0.78","G","999.9","011000"
"01046099999","2011-10-09","69.786839","20.959444","4.87","SORKJOSEN, NO","  35.2","24","  24.2","24","1003.2","21","002.5","21"," 26.8"," 6"," 18.6","24"," 31.1"," 42.0","  39.7","*","  31.1"," "," 0.15","G","999.9","000000"
"01046099999","2011-10-10","69.786839","20.959444","4.87","SORKJOSEN, NO","  39.8","24","  29.0","24"," 986.5","14","985.8","14"," 10.4","11"," 10.4","24"," 21.4","999.9","  44.8"," ","  35.2","*"," 0.00","G","999.9","000000"
"01046099999","2011-10-11","69.786839","20.959444","4.87","SORKJOSEN, NO","  35.1","24","  28.7","24"," 987.8","11","987.1","11","  9.7","14","  4.4","24"," 12.0","999.9","  40.5","*","  31.1"," "," 0.00","G","999.9","000000"
"01046099999","2011-10-12","69.786839","20.959444","4.87","SORKJOSEN, NO","  39.9","24","  34.7","24"," 998.0","14","997.3","14"," 10.6","11","  4.8","24"," 13.6","999.9","  42.8","*","  35.4"," "," 0.01","G","999.9","010000"
"01046099999","2011-10-13","69.786839","20.959444","4.87","SORKJOSEN, NO","  36.6","24","  31.2","24","1020.4","13","019.7","13"," 10.3","12","  5.9","24"," 13.6","999.9","  39.2","*","  33.8","*"," 0.00","G","999.9","010000"
"01046099999","2011-10-14","69.786839","20.959444","4.87","SORKJOSEN, NO","  38.9","24","  30.5","24","1023.4","13","022.6","13","  9.8","13","  7.5","24"," 15.0","999.9","  44.8","*","  33.1"," "," 0.20","G","999.9","000000"
"01046099999","2011-10-15","69.786839","20.959444","4.87","SORKJOSEN, NO","  48.7","24","  41.3","24","1010.9","20","010.2","20"," 19.2"," 6","  2.3","24","  7.8","999.9","  57.2","*","  42.1"," "," 0.07","G","999.9","010000"
"01046099999","2011-10-16","69.786839","20.959444","4.87","SORKJOSEN, NO","  48.8","24","  40.9","24","1008.3","21","007.6","21"," 28.7"," 7","  3.0","24","  7.8","999.9","  54.1"," ","  41.5","*"," 0.06","G","999.9","010000"
"01046099999","2011-10-17","69.786839","20.959444","4.87","SORKJOSEN, NO","  42.0","24","  38.8","24","1003.2","13","002.5","13","  7.0","12","  2.2","24","  9.7","999.9","  44.6","*","  39.6"," "," 0.02","G","999.9","010000"
"01046099999","2011-10-18","69.786839","20.959444","4.87","SORKJOSEN, NO","  43.5","24","  34.9","24"," 991.4","14","990.7","14"," 10.3","11"," 14.9","24"," 29.1"," 40.0","  49.8","*","  36.7"," "," 0.00","G","999.9","000000"
"01046099999","2011-10-19","69.786839","20.959444","4.87","SORKJOSEN, NO","  45.1","24","  34.8","24"," 974.5","18","973.9","18"," 12.7"," 7"," 13.9","24"," 23.9","999.9","  47.1","*","  42.8","*"," 0.01","G","999.9","010000"
"01046099999","2011-10-20","69.786839","20.959444","4.87","SORKJOSEN, NO","  44.2","24","  32.7","24"," 976.5","12","975.9","12","  9.5","13","  7.6","24"," 13.6","999.9","  48.2","*","  40.1","*"," 0.01","G","999.9","010000"
"01046099999","2011-10-21","69.786839","20.959444","4.87","SORKJOSEN, NO","  42.1","24","  35.1","24"," 995.6","12","994.9","12","  6.6","13"," 11.2","24"," 17.5","999.9","  44.1","*","  38.8"," "," 1.83","G","999.9","010000"
"01046099999","2011-10-22","69.786839","20.959444","4.87","SORKJOSEN, NO","  35.6","24","  31.0","24","1008.3","19","007.6","19"," 21.5"," 8","  5.0","24"," 11.7","999.9","  40.1","*","  32.5","*"," 0.40","G","999.9","000000"
"01046099999","2011-10-23","69.786839","20.959444","4.87","SORKJOSEN, NO","  36.9","24","  29.8","24","1014.3","21","013.5","21"," 25.6"," 7"," 11.1","24"," 15.5","999.9","  41.9","*","  31.8"," "," 0.00","G","999.9","010000"
"01046099999","2011-10-24","69.786839","20.959444","4.87","SORKJOSEN, NO","  44.7","24","  36.2","24","1015.4","16","014.7","16"," 14.6","10","  7.4","24"," 13.6","999.9","  50.2","*","  39.9"," "," 0.03","G","999.9","010000"
"01046099999","2011-10-25","69.786839","20.959444","4.87","SORKJOSEN, NO","  47.9","24","  37.8","24","1018.8","14","018.1","14"," 13.6","12","  4.6","24","  9.7","999.9","  57.4"," ","  41.7","*"," 0.04","G","999.9","000000"
"01046099999","2011-10-26","69.786839","20.959444","4.87","SORKJOSEN, NO","  40.5","24","  32.3","24","1025.3","14","024.6","14"," 10.1","11","  9.2","24"," 13.6","999.9","  44.6","*","  35.2","*"," 0.00","G","999.9","000000"
"01046099999","2011-10-27","69.786839","20.959444","4.87","SORKJOSEN, NO","  41.3","24","  29.3","24","1019.3","17","018.6","17"," 11.2"," 8"," 12.8","23"," 22.0","999.9","  52.0"," ","  32.0"," "," 0.00","G","999.9","000000"
"01046099999","2011-10-28","69.786839","20.959444","4.87","SORKJOSEN, NO","  39.4","24","  30.3","24","1010.3","16","009.6","16"," 10.6"," 9"," 14.4","24"," 22.9","999.9","  44.6","*","  33.8","*"," 0.00","G","999.9","000000"
"01046099999","2011-10-29","69.786839","20.959444","4.87","SORKJOSEN, NO","  39.6","24","  36.0","24","1000.1","20","999.4","20"," 12.9"," 7","  3.3","24","  7.8","999.9","  47.1"," ","  37.4"," "," 0.05","G","999.9","010000"
"01046099999","2011-10-30","69.786839","20.959444","4.87","SORKJOSEN, NO","  43.6","24","  39.4","24"," 994.3","23","993.6","23"," 21.9"," 5","  2.7","24","  7.8","999.9","  49.8"," ","  38.1"," "," 0.36","G","999.9","010000"
"01046099999","2011-10-31","69.786839","20.959444","4.87","SORKJOSEN, NO","  39.0","24","  34.5","24","1002.8","13","002.1","13","  7.6","13","  4.3","24","  8.9","999.9","  41.5","*","  35.6","*"," 0.43","G","999.9","010000"
"01046099999","2011-11-01","69.786839","20.959444","4.87","SORKJOSEN, NO","  38.8","24","  36.2","24"," 999.8","13","999.1","13"," 10.0","12","  2.5","24","  5.8","999.9","  41.4","*","  36.0"," "," 0.08","G","999.9","010000"
"01046099999","2011-11-02","69.786839","20.959444","4.87","SORKJOSEN, NO","  41.1","24","  37.5","24"," 997.5","14","996.7","14","  6.9","12","  6.4","24"," 15.5","999.9","  49.3"," ","  36.9","*"," 0.00","G","999.9","010000"
"01046099999","2011-11-03","69.786839","20.959444","4.87","SORKJOSEN, NO","  34.9","24","  32.4","24","1013.4","13","012.7","13","  7.8","13","  2.7","24","  9.7","999.9","  42.4"," ","  32.9","*"," 0.46","G","999.9","010000"
"01046099999","2011-11-04","69.786839","20.959444","4.87","SORKJOSEN, NO","  37.4","24","  29.0","24","1016.1","14","015.4","14","  7.0","11"," 15.7","24"," 29.1"," 34.0","  42.1","*","  33.1"," "," 0.00","G","999.9","000000"
"01046099999","2011-11-05","69.786839","20.959444","4.87","SORKJOSEN, NO","  46.3","24","  35.6","24","1012.5","19","011.8","19"," 21.9"," 8"," 14.7","24"," 27.2"," 39.0","  49.3"," ","  38.5"," "," 0.00","G","999.9","010000"
"01046099999","2011-11-06","69.786839","20.959444","4.87","SORKJOSEN, NO","  44.7","24","  37.2","24","1014.1","22","013.4","22"," 19.3"," 4","  7.0","24"," 15.5","999.9","  50.4"," ","  37.6","*"," 0.00","G","999.9","010000"
"01046099999","2011-11-07","69.786839","20.959444","4.87","SORKJOSEN, NO","  43.1","24","  30.7","24","1005.6","14","004.9","14"," 13.3","12"," 10.8","24"," 18.1"," 32.1","  51.1"," ","  36.0"," "," 0.04","G","999.9","011000"
"01046099999","2011-11-08","69.786839","20.959444","4.87","SORKJOSEN, NO","  40.3","24","  32.2","24","1016.7","17","015.9","17","  6.8"," 9","  9.7","24"," 17.5","999.9","  43.3"," ","  36.5"," "," 0.72","G","999.9","010000"
"01046099999","2011-11-09","69.786839","20.959444","4.87","SORKJOSEN, NO","  36.4","24","  31.3","24","1021.8","12","021.1","12"," 11.9","14","  3.1","24","  7.8","999.9","  41.4","*","  32.0","*"," 0.04","G","999.9","000000"
"01046099999","2011-11-10","69.786839","20.959444","4.87","SORKJOSEN, NO","  41.6","24","  36.3","24","1021.9","16","021.2","16"," 14.8","10","  3.6","24"," 12.0","999.9","  50.5"," ","  32.0","*"," 0.00","G","999.9","010000"
"01046099999","2011-11-11","69.786839","20.959444","4.87","SORKJOSEN, NO","  43.4","24","  40.4","24","1030.1","16","029.4","16"," 10.6","10","  2.6","24","  4.1","999.9","  48.0"," ","  41.7"," "," 0.10","G","999.9","010000"
"01046099999","2011-11-12","69.786839","20.959444","4.87","SORKJOSEN, NO","  39.9","24","  36.7","24","1027.0","21","026.3","21"," 22.8"," 5","  2.6","24","  5.8","999.9","  48.9"," ","  34.3","*"," 0.07","G","999.9","000000"
"01046099999","2011-11-13","69.786839","20.959444","4.87","SORKJOSEN, NO","  37.9","24","  32.2","24","1011.7","21","011.0","21"," 26.3"," 6","  7.8","23"," 21.4","999.9","  52.5"," ","  32.2"," "," 0.00","G","999.9","010000"
"01046099999","2011-11-14","69.786839","20.959444","4.87","SORKJOSEN, NO","  30.8","24","  23.9","24","1013.4","16","012.6","16","  7.9"," 9"," 17.4","24"," 23.3"," 35.0","  33.4","*","  28.2"," "," 0.90","G","999.9","001000"
"01046099999","2011-11-15","69.786839","20.959444","4.87","SORKJOSEN, NO","  33.4","24","  29.5","24","1015.4","13","014.7","13","  7.3","13","  6.6","24"," 15.5","999.9","  36.1"," ","  30.4"," "," 0.41","G","  3.1","011000"
"01046099999","2011-11-16","69.786839","20.959444","4.87","SORKJOSEN, NO","  38.0","24","  33.6","24","1006.1","13","005.4","13","  5.6","12","  9.6","24"," 19.4"," 27.0","  44.4"," ","  32.9"," "," 0.85","G","  1.2","010000"
"01046099999","2011-11-17","69.786839","20.959444","4.87","SORKJOSEN, NO","  35.3","24","  28.7","24","1008.5","14","007.8","14"," 13.3","12","  8.6","24"," 15.5","999.9","  39.0","*","  31.6","*"," 1.39","G","999.9","010000"
"01046099999","2011-11-18","69.786839","20.959444","4.87","SORKJOSEN, NO","  34.3","24","  28.2","24","1003.5","14","002.7","14"," 13.6","12","  5.2","24"," 11.7","999.9","  39.4"," ","  31.1"," "," 0.00","G","999.9","011000"
"01046099999","2011-11-19","69.786839","20.959444","4.87","SORKJOSEN, NO","  26.6","23","  22.7","23","1014.7","21","013.9","21"," 31.1"," 6","  3.5","23"," 11.7","999.9","  32.9","*","  18.7","*"," 0.33","G","  3.1","000000"
"01046099999","2011-11-20","69.786839","20.959444","4.87","SORKJOSEN, NO","  20.6","24","  13.0","24","1016.8","23","016.1","23"," 35.7"," 4","  5.7","24"," 13.6","999.9","  24.1"," ","  15.3"," "," 0.11","G","  3.5","000000"
"01046099999","2011-11-21","69.786839","20.959444","4.87","SORKJOSEN, NO","  27.2","24","  15.3","24","1013.6","13","012.8","13"," 12.9","13","  8.0","24"," 14.0","999.9","  37.4","*","  14.9"," "," 0.00","G","  3.1","000000"
"01046099999","2011-11-22","69.786839","20.959444","4.87","SORKJOSEN, NO","  40.9","24","  33.0","24","1010.9","13","010.1","13"," 15.5","14","  5.8","22"," 13.6","999.9","  49.3","*","  30.2"," "," 0.00","G","  2.0","010000"
"01046099999","2011-11-23","69.786839","20.959444","4.87","SORKJOSEN, NO","  39.0","24","  30.7","24","1001.0","13","000.3","13"," 12.9","13"," 10.1","24"," 21.4","999.9","  45.0"," ","  33.6"," "," 0.00","G","  0.8","000000"
"01046099999","2011-11-24","69.786839","20.959444","4.87","SORKJOSEN, NO","  39.9","24","  29.0","24"," 986.0","15","985.3","15"," 13.1","11"," 10.1","24"," 19.4"," 20.0","  45.1"," ","  36.3","*"," 0.31","E","999.9","010000"
"01046099999","2011-11-25","69.786839","20.959444","4.87","SORKJOSEN, NO","  37.4","24","  26.6","24"," 983.0","13","982.2","13"," 10.2","12","  9.3","24"," 21.4"," 26.0","  39.9"," ","  33.4","*"," 0.03","E","999.9","000000"
"01046099999","2011-11-26","69.786839","20.959444","4.87","SORKJOSEN, NO","  30.8","24","  26.1","24"," 968.0","22","967.3","22"," 22.7"," 5","  7.4","24"," 13.6","999.9","  36.5","*","  27.7","*"," 0.00","G","999.9","001000"
"01046099999","2011-11-27","69.786839","20.959444","4.87","SORKJOSEN, NO","  30.8","24","  28.5","24"," 977.0","22","976.3","22"," 14.0"," 5","  3.2","24","  9.7","999.9","  35.1","*","  25.0","*"," 0.38","G","999.9","010000"
"01046099999","2011-11-28","69.786839","20.959444","4.87","SORKJOSEN, NO","  28.6","24","  26.2","24"," 989.5","13","988.8","13","  9.8","13","  3.1","24","  7.0","999.9","  33.8","*","  23.5"," "," 0.15","G","  1.2","001000"
"01046099999","2011-11-29","69.786839","20.959444","4.87","SORKJOSEN, NO","  32.6","24","  24.1","24"," 994.7","16","994.0","16"," 11.1"," 9"," 18.6","24"," 33.0"," 37.9","  39.2","*","  22.1"," "," 0.50","G","  8.7","000000"
"01046099999","2011-11-30","69.786839","20.959444","4.87","SORKJOSEN, NO","  41.7","24","  28.7","24"," 978.0","13","977.3","13"," 13.0","13"," 14.9","24"," 36.9"," 42.9","  46.2"," ","  36.1"," "," 0.00","G","  2.8","000000"
"01046099999","2011-12-01","69.786839","20.959444","4.87","SORKJOSEN, NO","  40.4","24","  25.9","24"," 977.8","13","977.1","13"," 13.1","13"," 13.4","24"," 21.4"," 23.9","  44.6"," ","  37.0","*"," 0.00","G","999.9","001000"
"01046099999","2011-12-02","69.786839","20.959444","4.87","SORKJOSEN, NO","  37.7","24","  30.2","24"," 971.7","13","971.0","13"," 12.8","13","  8.4","24"," 16.9"," 28.0","  42.1","*","  33.8","*"," 0.00","G","999.9","011000"
"01046099999","2011-12-03","69.786839","20.959444","4.87","SORKJOSEN, NO","  32.3","24","  20.3","24"," 975.6","20","974.9","20"," 23.5"," 7"," 11.0","24"," 19.4"," 29.9","  34.9","*","  28.4","*"," 0.48","G","  1.2","000000"
"01046099999","2011-12-04","69.786839","20.959444","4.87","SORKJOSEN, NO","  36.2","24","  25.9","24"," 967.7","20","967.0","20"," 26.8"," 8"," 17.3","24"," 27.2","999.9","  38.8","*","  29.8"," "," 0.00","G","999.9","000000"
"01046099999","2011-12-05","69.786839","20.959444","4.87","SORKJOSEN, NO","  33.6","24","  23.9","24"," 968.1","12","967.5","12","  7.0","12","  6.8","24"," 13.6","999.9","  36.0"," ","  29.8","*"," 0.00","G","999.9","000000"
"01046099999","2011-12-06","69.786839","20.959444","4.87","SORKJOSEN, NO","  27.1","24","  16.9","24"," 973.9","13","973.2","13"," 12.8","13","  7.1","24"," 13.6","999.9","  29.5"," ","  24.3"," "," 0.00","G","999.9","000000"
"01046099999","2011-12-07","69.786839","20.959444","4.87","SORKJOSEN, NO","  26.3","24","  18.4","24"," 985.9","14","985.2","14"," 13.3","12","  7.4","24"," 13.6","999.9","  31.1"," ","  20.8","*"," 0.03","G","  0.4","001000"
"01046099999","2011-12-08","69.786839","20.959444","4.87","SORKJOSEN, NO","  23.0","24","  13.8","24","1002.5","15","001.7","15"," 13.9","11","  6.9","24"," 15.0","999.9","  26.1","*","  19.4","*"," 0.00","G","  0.4","000000"
"01046099999","2011-12-09","69.786839","20.959444","4.87","SORKJOSEN, NO","  23.4","24","  17.1","24","1004.8","12","004.0","12","  6.9","12","  5.9","24"," 14.0","999.9","  27.3"," ","  18.1"," "," 0.00","G","  0.4","000000"
"01046099999","2011-12-10","69.786839","20.959444","4.87","SORKJOSEN, NO","  22.3","24","  18.5","24","1001.3","20","000.5","20"," 24.0"," 7","  3.0","24","  7.8","999.9","  25.0","*","  19.2"," "," 0.00","G","  0.4","000000"
"01046099999","2011-12-11","69.786839","20.959444","4.87","SORKJOSEN, NO","  24.3","24","  22.4","24"," 997.2","20","996.5","20"," 15.5"," 7","  2.2","24","  5.8","999.9","  26.6"," ","  22.3","*"," 0.08","G","  1.2","001000"
"01046099999","2011-12-12","69.786839","20.959444","4.87","SORKJOSEN, NO","  25.9","24","  22.2","24"," 998.1","13","997.4","13","  8.7","13","  6.1","24"," 17.5","999.9","  29.5"," ","  22.3"," "," 0.00","G","999.9","001000"
"01046099999","2011-12-13","69.786839","20.959444","4.87","SORKJOSEN, NO","  26.3","24","  16.9","24"," 988.3","18","987.5","18"," 16.9"," 8"," 13.5","24"," 25.3","999.9","  32.7","*","  22.3"," "," 0.16","G","  8.7","000000"
"01046099999","2011-12-14","69.786839","20.959444","4.87","SORKJOSEN, NO","  35.8","24","  24.9","24"," 982.2","17","981.5","17"," 12.0"," 8"," 21.9","24"," 33.0"," 36.9","  39.2","*","  28.2"," "," 0.00","G","  8.7","000000"
"01046099999","2011-12-15","69.786839","20.959444","4.87","SORKJOSEN, NO","  39.5","24","  26.5","24"," 981.9","17","981.2","17","  7.0"," 7"," 20.6","24"," 27.2"," 33.0","  41.4"," ","  36.5","*"," 0.00","G","  4.3","000000"
"01046099999","2011-12-16","69.786839","20.959444","4.87","SORKJOSEN, NO","  33.0","24","  22.6","24"," 985.5","18","984.8","18"," 16.8"," 8","  8.3","24"," 19.4","999.9","  37.0","*","  29.3","*"," 0.00","G","  2.0","000000"
"01046099999","2011-12-17","69.786839","20.959444","4.87","SORKJOSEN, NO","  27.4","24","  17.8","24"," 994.7","21","993.9","21"," 22.3"," 5","  6.3","24"," 11.7","999.9","  30.4","*","  23.9","*"," 0.00","G","  1.6","000000"
"01046099999","2011-12-18","69.786839","20.959444","4.87","SORKJOSEN, NO","  25.1","24","  16.9","24","1003.5","21","002.8","21"," 26.4"," 6","  5.4","24","  9.7","999.9","  28.4"," ","  18.0","*"," 0.00","F","  0.8","000000"
"01046099999","2011-12-19","69.786839","20.959444","4.87","SORKJOSEN, NO","  23.0","24","  20.5","24","1000.3","19","999.5","19"," 21.5"," 9","  1.8","24","  3.9","999.9","  32.7"," ","  14.0"," "," 0.00","G","  0.8","001000"
"01046099999","2011-12-20","69.786839","20.959444","4.87","SORKJOSEN, NO","  30.3","24","  28.6","24"," 998.9","13","998.1","13"," 12.6","13","  2.1","24","  3.9","999.9","  32.5"," ","  27.1"," "," 0.02","G","  0.8","000000"
"01046099999","2011-12-21","69.786839","20.959444","4.87","SORKJOSEN, NO","  31.6","24","  25.7","24","1004.2","16","003.5","16"," 17.7","11","  7.8","24"," 15.5","999.9","  35.6","*","  28.4","*"," 0.02","G","  0.8","000000"
"01046099999","2011-12-22","69.786839","20.959444","4.87","SORKJOSEN, NO","  24.6","24","  16.7","24","1002.6","17","001.8","17"," 15.8"," 9"," 14.5","24"," 21.4","999.9","  28.4","*","  19.6","*"," 0.00","G","  0.8","000000"
"01046099999","2011-12-23","69.786839","20.959444","4.87","SORKJOSEN, NO","  33.5","24","  21.3","24"," 981.6","17","980.9","17"," 16.5"," 4"," 16.5","24"," 23.3"," 35.0","  40.3"," ","  25.7"," "," 0.00","G","  0.8","000000"
"01046099999","2011-12-24","69.786839","20.959444","4.87","SORKJOSEN, NO","  37.2","24","  26.8","24"," 980.1","23","979.4","23"," 35.3"," 4","  7.8","24"," 13.0"," 21.0","  45.7"," ","  30.4","*"," 0.00","G","  0.8","010000"
"01046099999","2011-12-25","69.786839","20.959444","4.87","SORKJOSEN, NO","  35.1","24","  21.3","24"," 972.0","24","971.3","24","999.9"," 0"," 13.8","24"," 25.3","999.9","  37.6","*","  28.0"," "," 0.30","G","  0.8","000000"
"01046099999","2011-12-26","69.786839","20.959444","4.87","SORKJOSEN, NO","  34.9","24","  26.7","24"," 974.4","23","973.7","23","999.9"," 0"," 11.3","24"," 21.4"," 28.0","  40.8","*","  28.8","*"," 0.01","G","  0.8","011000"
"01046099999","2011-12-27","69.786839","20.959444","4.87","SORKJOSEN, NO","  25.4","24","  17.9","24"," 980.4","17","979.7","17"," 14.7"," 9","  8.8","24"," 17.5"," 21.0","  32.9"," ","  16.7","*"," 0.38","G","  2.8","001000"
"01046099999","2011-12-28","69.786839","20.959444","4.87","SORKJOSEN, NO","  33.5","24","  24.6","24"," 991.4","11","990.7","11","  7.3","15","  7.8","24"," 15.5","999.9","  37.6"," ","  29.7","*"," 0.24","G","  3.9","001000"
"01046099999","2011-12-29","69.786839","20.959444","4.87","SORKJOSEN, NO","  27.7","24","  19.1","24"," 992.0","19","991.2","19"," 21.5"," 8","  7.6","24"," 13.6","999.9","  30.4","*","  21.2","*"," 0.22","G","  6.3","000000"
"01046099999","2011-12-30","69.786839","20.959444","4.87","SORKJOSEN, NO","  23.5","24","  16.1","24"," 996.8","12","996.1","12"," 12.7","14","  3.1","24"," 11.7","999.9","  28.6"," ","  19.9"," "," 0.00","G","  6.7","000000"
"01046099999","2011-12-31","69.786839","20.959444","4.87","SORKJOSEN, NO","  15.6","24","  12.6","24","1007.3","22","006.6","22"," 16.3"," 4","  3.9","24"," 21.4","999.9","  29.7","*","   8.8","*"," 0.00","H","999.9","001000"
